"TurnId","OrderNo","From","To","Louisdore","Citizens","EcPts","Wood","Horses","Textiles","TurnSheetSectionNo"
"306EAug1808","1","0","0","0","0","0","0","0","0",""
"306EAug1808","2","0","0","0","0","0","0","0","0",""
"306EAug1808","3","0","0","0","0","0","0","0","0",""
"306EAug1808","4","0","0","0","0","0","0","0","0",""
"306EAug1808","5","0","0","0","0","0","0","0","0",""
"306EAug1808","6","0","0","0","0","0","0","0","0",""
"306EAug1808","7","0","0","0","0","0","0","0","0",""
"306EAug1808","8","0","0","0","0","0","0","0","0",""
"306EAug1808","9","0","0","0","0","0","0","0","0",""
"306EAug1808","10","0","0","0","0","0","0","0","0",""
"306EDec1808","1","0","0","0","0","0","0","0","0",""
"306EDec1808","2","0","0","0","0","0","0","0","0",""
"306EDec1808","3","0","0","0","0","0","0","0","0",""
"306EDec1808","4","0","0","0","0","0","0","0","0",""
"306EDec1808","5","0","0","0","0","0","0","0","0",""
"306EDec1808","6","0","0","0","0","0","0","0","0",""
"306EDec1808","7","0","0","0","0","0","0","0","0",""
"306EDec1808","8","0","0","0","0","0","0","0","0",""
"306EDec1808","9","0","0","0","0","0","0","0","0",""
"306EDec1808","10","0","0","0","0","0","0","0","0",""
"306EFeb1808","1","0","0","0","0","0","0","0","0",""
"306EFeb1808","2","0","0","0","0","0","0","0","0",""
"306EFeb1808","3","0","0","0","0","0","0","0","0",""
"306EFeb1808","4","0","0","0","0","0","0","0","0",""
"306EFeb1808","5","0","0","0","0","0","0","0","0",""
"306EFeb1808","6","0","0","0","0","0","0","0","0",""
"306EFeb1808","7","0","0","0","0","0","0","0","0",""
"306EFeb1808","8","0","0","0","0","0","0","0","0",""
"306EFeb1808","9","0","0","0","0","0","0","0","0",""
"306EFeb1808","10","0","0","0","0","0","0","0","0",""
"306EJan1808","1","0","0","0","0","0","0","0","0",""
"306EJan1808","2","0","0","0","0","0","0","0","0",""
"306EJan1808","3","0","0","0","0","0","0","0","0",""
"306EJan1808","4","0","0","0","0","0","0","0","0",""
"306EJan1808","5","0","0","0","0","0","0","0","0",""
"306EJan1808","6","0","0","0","0","0","0","0","0",""
"306EJan1808","7","0","0","0","0","0","0","0","0",""
"306EJan1808","8","0","0","0","0","0","0","0","0",""
"306EJan1808","9","0","0","0","0","0","0","0","0",""
"306EJan1808","10","0","0","0","0","0","0","0","0",""
"306EJan1809","1","0","0","0","0","0","0","0","0",""
"306EJan1809","2","0","0","0","0","0","0","0","0",""
"306EJan1809","3","0","0","0","0","0","0","0","0",""
"306EJan1809","4","0","0","0","0","0","0","0","0",""
"306EJan1809","5","0","0","0","0","0","0","0","0",""
"306EJan1809","6","0","0","0","0","0","0","0","0",""
"306EJan1809","7","0","0","0","0","0","0","0","0",""
"306EJan1809","8","0","0","0","0","0","0","0","0",""
"306EJan1809","9","0","0","0","0","0","0","0","0",""
"306EJan1809","10","0","0","0","0","0","0","0","0",""
"306EJul1808","1","0","0","0","0","0","0","0","0",""
"306EJul1808","2","0","0","0","0","0","0","0","0",""
"306EJul1808","3","0","0","0","0","0","0","0","0",""
"306EJul1808","4","0","0","0","0","0","0","0","0",""
"306EJul1808","5","0","0","0","0","0","0","0","0",""
"306EJul1808","6","0","0","0","0","0","0","0","0",""
"306EJul1808","7","0","0","0","0","0","0","0","0",""
"306EJul1808","8","0","0","0","0","0","0","0","0",""
"306EJul1808","9","0","0","0","0","0","0","0","0",""
"306EJul1808","10","0","0","0","0","0","0","0","0",""
"306EJun1808","1","0","0","0","0","0","0","0","0",""
"306EJun1808","2","0","0","0","0","0","0","0","0",""
"306EJun1808","3","0","0","0","0","0","0","0","0",""
"306EJun1808","4","0","0","0","0","0","0","0","0",""
"306EJun1808","5","0","0","0","0","0","0","0","0",""
"306EJun1808","6","0","0","0","0","0","0","0","0",""
"306EJun1808","7","0","0","0","0","0","0","0","0",""
"306EJun1808","8","0","0","0","0","0","0","0","0",""
"306EJun1808","9","0","0","0","0","0","0","0","0",""
"306EJun1808","10","0","0","0","0","0","0","0","0",""
"306EMar1808","1","0","0","0","0","0","0","0","0",""
"306EMar1808","2","0","0","0","0","0","0","0","0",""
"306EMar1808","3","0","0","0","0","0","0","0","0",""
"306EMar1808","4","0","0","0","0","0","0","0","0",""
"306EMar1808","5","0","0","0","0","0","0","0","0",""
"306EMar1808","6","0","0","0","0","0","0","0","0",""
"306EMar1808","7","0","0","0","0","0","0","0","0",""
"306EMar1808","8","0","0","0","0","0","0","0","0",""
"306EMar1808","9","0","0","0","0","0","0","0","0",""
"306EMar1808","10","0","0","0","0","0","0","0","0",""
"306EOct1808","1","0","0","0","0","0","0","0","0",""
"306EOct1808","2","0","0","0","0","0","0","0","0",""
"306EOct1808","3","0","0","0","0","0","0","0","0",""
"306EOct1808","4","0","0","0","0","0","0","0","0",""
"306EOct1808","5","0","0","0","0","0","0","0","0",""
"306EOct1808","6","0","0","0","0","0","0","0","0",""
"306EOct1808","7","0","0","0","0","0","0","0","0",""
"306EOct1808","8","0","0","0","0","0","0","0","0",""
"306EOct1808","9","0","0","0","0","0","0","0","0",""
"306EOct1808","10","0","0","0","0","0","0","0","0",""
"307EApr1808","1","0","0","0","0","0","0","0","0",""
"307EApr1808","2","0","0","0","0","0","0","0","0",""
"307EApr1808","3","0","0","0","0","0","0","0","0",""
"307EApr1808","4","0","0","0","0","0","0","0","0",""
"307EApr1808","5","0","0","0","0","0","0","0","0",""
"307EApr1808","6","0","0","0","0","0","0","0","0",""
"307EApr1808","7","0","0","0","0","0","0","0","0",""
"307EApr1808","8","0","0","0","0","0","0","0","0",""
"307EApr1808","9","0","0","0","0","0","0","0","0",""
"307EApr1808","10","0","0","0","0","0","0","0","0",""
"307EAug1808","1","0","0","0","0","0","0","0","0",""
"307EAug1808","2","0","0","0","0","0","0","0","0",""
"307EAug1808","3","0","0","0","0","0","0","0","0",""
"307EAug1808","4","0","0","0","0","0","0","0","0",""
"307EAug1808","5","0","0","0","0","0","0","0","0",""
"307EAug1808","6","0","0","0","0","0","0","0","0",""
"307EAug1808","7","0","0","0","0","0","0","0","0",""
"307EAug1808","8","0","0","0","0","0","0","0","0",""
"307EAug1808","9","0","0","0","0","0","0","0","0",""
"307EAug1808","10","0","0","0","0","0","0","0","0",""
"307EJan1808","1","0","0","0","0","0","0","0","0",""
"307EJan1808","2","0","0","0","0","0","0","0","0",""
"307EJan1808","3","0","0","0","0","0","0","0","0",""
"307EJan1808","4","0","0","0","0","0","0","0","0",""
"307EJan1808","5","0","0","0","0","0","0","0","0",""
"307EJan1808","6","0","0","0","0","0","0","0","0",""
"307EJan1808","7","0","0","0","0","0","0","0","0",""
"307EJan1808","8","0","0","0","0","0","0","0","0",""
"307EJan1808","9","0","0","0","0","0","0","0","0",""
"307EJan1808","10","0","0","0","0","0","0","0","0",""
"307EJul1808","1","0","0","0","0","0","0","0","0",""
"307EJul1808","2","0","0","0","0","0","0","0","0",""
"307EJul1808","3","0","0","0","0","0","0","0","0",""
"307EJul1808","4","0","0","0","0","0","0","0","0",""
"307EJul1808","5","0","0","0","0","0","0","0","0",""
"307EJul1808","6","0","0","0","0","0","0","0","0",""
"307EJul1808","7","0","0","0","0","0","0","0","0",""
"307EJul1808","8","0","0","0","0","0","0","0","0",""
"307EJul1808","9","0","0","0","0","0","0","0","0",""
"307EJul1808","10","0","0","0","0","0","0","0","0",""
"307EJun1808","1","0","0","0","0","0","0","0","0",""
"307EJun1808","2","0","0","0","0","0","0","0","0",""
"307EJun1808","3","0","0","0","0","0","0","0","0",""
"307EJun1808","4","0","0","0","0","0","0","0","0",""
"307EJun1808","5","0","0","0","0","0","0","0","0",""
"307EJun1808","6","0","0","0","0","0","0","0","0",""
"307EJun1808","7","0","0","0","0","0","0","0","0",""
"307EJun1808","8","0","0","0","0","0","0","0","0",""
"307EJun1808","9","0","0","0","0","0","0","0","0",""
"307EJun1808","10","0","0","0","0","0","0","0","0",""
"307EMar1808","1","0","0","0","0","0","0","0","0",""
"307EMar1808","2","0","0","0","0","0","0","0","0",""
"307EMar1808","3","0","0","0","0","0","0","0","0",""
"307EMar1808","4","0","0","0","0","0","0","0","0",""
"307EMar1808","5","0","0","0","0","0","0","0","0",""
"307EMar1808","6","0","0","0","0","0","0","0","0",""
"307EMar1808","7","0","0","0","0","0","0","0","0",""
"307EMar1808","8","0","0","0","0","0","0","0","0",""
"307EMar1808","9","0","0","0","0","0","0","0","0",""
"307EMar1808","10","0","0","0","0","0","0","0","0",""
"307EMay1808","1","0","0","0","0","0","0","0","0",""
"307EMay1808","2","0","0","0","0","0","0","0","0",""
"307EMay1808","3","0","0","0","0","0","0","0","0",""
"307EMay1808","4","0","0","0","0","0","0","0","0",""
"307EMay1808","5","0","0","0","0","0","0","0","0",""
"307EMay1808","6","0","0","0","0","0","0","0","0",""
"307EMay1808","7","0","0","0","0","0","0","0","0",""
"307EMay1808","8","0","0","0","0","0","0","0","0",""
"307EMay1808","9","0","0","0","0","0","0","0","0",""
"307EMay1808","10","0","0","0","0","0","0","0","0",""
"307EOct1808","1","0","0","0","0","0","0","0","0",""
"307EOct1808","2","0","0","0","0","0","0","0","0",""
"307EOct1808","3","0","0","0","0","0","0","0","0",""
"307EOct1808","4","0","0","0","0","0","0","0","0",""
"307EOct1808","5","0","0","0","0","0","0","0","0",""
"307EOct1808","6","0","0","0","0","0","0","0","0",""
"307EOct1808","7","0","0","0","0","0","0","0","0",""
"307EOct1808","8","0","0","0","0","0","0","0","0",""
"307EOct1808","9","0","0","0","0","0","0","0","0",""
"307EOct1808","10","0","0","0","0","0","0","0","0",""
"307ESep1808","1","0","0","0","0","0","0","0","0",""
"307ESep1808","2","0","0","0","0","0","0","0","0",""
"307ESep1808","3","0","0","0","0","0","0","0","0",""
"307ESep1808","4","0","0","0","0","0","0","0","0",""
"307ESep1808","5","0","0","0","0","0","0","0","0",""
"307ESep1808","6","0","0","0","0","0","0","0","0",""
"307ESep1808","7","0","0","0","0","0","0","0","0",""
"307ESep1808","8","0","0","0","0","0","0","0","0",""
"307ESep1808","9","0","0","0","0","0","0","0","0",""
"307ESep1808","10","0","0","0","0","0","0","0","0",""
"348BAug1809","1","0","0","0","0","0","0","0","0",""
"348BAug1809","2","0","0","0","0","0","0","0","0",""
"348BAug1809","3","0","0","0","0","0","0","0","0",""
"348BAug1809","4","0","0","0","0","0","0","0","0",""
"348BAug1809","5","0","0","0","0","0","0","0","0",""
"348BAug1809","6","0","0","0","0","0","0","0","0",""
"348BAug1809","7","0","0","0","0","0","0","0","0",""
"348BAug1809","8","0","0","0","0","0","0","0","0",""
"348BAug1809","9","0","0","0","0","0","0","0","0",""
"348BAug1809","10","0","0","0","0","0","0","0","0",""
"348BSep1809","1","0","0","0","0","0","0","0","0",""
"348BSep1809","2","0","0","0","0","0","0","0","0",""
"348BSep1809","3","0","0","0","0","0","0","0","0",""
"348BSep1809","4","0","0","0","0","0","0","0","0",""
"348BSep1809","5","0","0","0","0","0","0","0","0",""
"348BSep1809","6","0","0","0","0","0","0","0","0",""
"348BSep1809","7","0","0","0","0","0","0","0","0",""
"348BSep1809","8","0","0","0","0","0","0","0","0",""
"348BSep1809","9","0","0","0","0","0","0","0","0",""
"348BSep1809","10","0","0","0","0","0","0","0","0",""
"348EAug1809","1","0","0","0","0","0","0","0","0",""
"348EAug1809","2","0","0","0","0","0","0","0","0",""
"348EAug1809","3","0","0","0","0","0","0","0","0",""
"348EAug1809","4","0","0","0","0","0","0","0","0",""
"348EAug1809","5","0","0","0","0","0","0","0","0",""
"348EAug1809","6","0","0","0","0","0","0","0","0",""
"348EAug1809","7","0","0","0","0","0","0","0","0",""
"348EAug1809","8","0","0","0","0","0","0","0","0",""
"348EAug1809","9","0","0","0","0","0","0","0","0",""
"348EAug1809","10","0","0","0","0","0","0","0","0",""
"348ESep1809","1","0","0","0","0","0","0","0","0",""
"348ESep1809","2","0","0","0","0","0","0","0","0",""
"348ESep1809","3","0","0","0","0","0","0","0","0",""
"348ESep1809","4","0","0","0","0","0","0","0","0",""
"348ESep1809","5","0","0","0","0","0","0","0","0",""
"348ESep1809","6","0","0","0","0","0","0","0","0",""
"348ESep1809","7","0","0","0","0","0","0","0","0",""
"348ESep1809","8","0","0","0","0","0","0","0","0",""
"348ESep1809","9","0","0","0","0","0","0","0","0",""
"348ESep1809","10","0","0","0","0","0","0","0","0",""
"undefined","1","0","0","0","0","0","0","0","0",""
"undefined","2","0","0","0","0","0","0","0","0",""
"undefined","3","0","0","0","0","0","0","0","0",""
"undefined","4","0","0","0","0","0","0","0","0",""
"undefined","5","0","0","0","0","0","0","0","0",""
"undefined","6","0","0","0","0","0","0","0","0",""
"undefined","7","0","0","0","0","0","0","0","0",""
"undefined","8","0","0","0","0","0","0","0","0",""
"undefined","9","0","0","0","0","0","0","0","0",""
"undefined","10","0","0","0","0","0","0","0","0",""
