"TurnId","OrderNo","ItemNo","Direction1","Distance1","Direction2","Distance2","Direction3","Distance3"
"306EAug1808","1","","","","","","",""
"306EAug1808","2","","","","","","",""
"306EAug1808","3","","","","","","",""
"306EAug1808","4","","","","","","",""
"306EAug1808","5","","","","","","",""
"306EAug1808","6","","","","","","",""
"306EAug1808","7","","","","","","",""
"306EAug1808","8","","","","","","",""
"306EAug1808","9","","","","","","",""
"306EAug1808","10","","","","","","",""
"306EAug1808","11","","","","","","",""
"306EAug1808","12","","","","","","",""
"306EAug1808","13","","","","","","",""
"306EAug1808","14","","","","","","",""
"306EAug1808","15","","","","","","",""
"306EAug1808","16","","","","","","",""
"306EAug1808","17","","","","","","",""
"306EAug1808","18","","","","","","",""
"306EAug1808","19","","","","","","",""
"306EAug1808","20","","","","","","",""
"306EAug1808","21","","","","","","",""
"306EAug1808","22","","","","","","",""
"306EAug1808","23","","","","","","",""
"306EAug1808","24","","","","","","",""
"306EAug1808","25","","","","","","",""
"306EAug1808","26","","","","","","",""
"306EAug1808","27","","","","","","",""
"306EAug1808","28","","","","","","",""
"306EAug1808","29","","","","","","",""
"306EAug1808","30","","","","","","",""
"306EDec1808","1","","","","","","",""
"306EDec1808","2","","","","","","",""
"306EDec1808","3","","","","","","",""
"306EDec1808","4","","","","","","",""
"306EDec1808","5","","","","","","",""
"306EDec1808","6","","","","","","",""
"306EDec1808","7","","","","","","",""
"306EDec1808","8","","","","","","",""
"306EDec1808","9","","","","","","",""
"306EDec1808","10","","","","","","",""
"306EDec1808","11","","","","","","",""
"306EDec1808","12","","","","","","",""
"306EDec1808","13","","","","","","",""
"306EDec1808","14","","","","","","",""
"306EDec1808","15","","","","","","",""
"306EDec1808","16","","","","","","",""
"306EDec1808","17","","","","","","",""
"306EDec1808","18","","","","","","",""
"306EDec1808","19","","","","","","",""
"306EDec1808","20","","","","","","",""
"306EDec1808","21","","","","","","",""
"306EDec1808","22","","","","","","",""
"306EDec1808","23","","","","","","",""
"306EDec1808","24","","","","","","",""
"306EDec1808","25","","","","","","",""
"306EDec1808","26","","","","","","",""
"306EDec1808","27","","","","","","",""
"306EDec1808","28","","","","","","",""
"306EDec1808","29","","","","","","",""
"306EDec1808","30","","","","","","",""
"306EFeb1808","1","","","","","","",""
"306EFeb1808","2","","","","","","",""
"306EFeb1808","3","","","","","","",""
"306EFeb1808","4","","","","","","",""
"306EFeb1808","5","","","","","","",""
"306EFeb1808","6","","","","","","",""
"306EFeb1808","7","","","","","","",""
"306EFeb1808","8","","","","","","",""
"306EFeb1808","9","","","","","","",""
"306EFeb1808","10","","","","","","",""
"306EFeb1808","11","","","","","","",""
"306EFeb1808","12","","","","","","",""
"306EFeb1808","13","","","","","","",""
"306EFeb1808","14","","","","","","",""
"306EFeb1808","15","","","","","","",""
"306EFeb1808","16","","","","","","",""
"306EFeb1808","17","","","","","","",""
"306EFeb1808","18","","","","","","",""
"306EFeb1808","19","","","","","","",""
"306EFeb1808","20","","","","","","",""
"306EFeb1808","21","","","","","","",""
"306EFeb1808","22","","","","","","",""
"306EFeb1808","23","","","","","","",""
"306EFeb1808","24","","","","","","",""
"306EFeb1808","25","","","","","","",""
"306EFeb1808","26","","","","","","",""
"306EFeb1808","27","","","","","","",""
"306EFeb1808","28","","","","","","",""
"306EFeb1808","29","","","","","","",""
"306EFeb1808","30","","","","","","",""
"306EFeb1809","1","","","","","","",""
"306EFeb1809","2","","","","","","",""
"306EFeb1809","3","","","","","","",""
"306EFeb1809","4","","","","","","",""
"306EFeb1809","5","","","","","","",""
"306EFeb1809","6","","","","","","",""
"306EFeb1809","7","","","","","","",""
"306EFeb1809","8","","","","","","",""
"306EFeb1809","9","","","","","","",""
"306EFeb1809","10","","","","","","",""
"306EFeb1809","11","","","","","","",""
"306EFeb1809","12","","","","","","",""
"306EFeb1809","13","","","","","","",""
"306EFeb1809","14","","","","","","",""
"306EFeb1809","15","","","","","","",""
"306EFeb1809","16","","","","","","",""
"306EFeb1809","17","","","","","","",""
"306EFeb1809","18","","","","","","",""
"306EFeb1809","19","","","","","","",""
"306EFeb1809","20","","","","","","",""
"306EFeb1809","21","","","","","","",""
"306EFeb1809","22","","","","","","",""
"306EFeb1809","23","","","","","","",""
"306EFeb1809","24","","","","","","",""
"306EFeb1809","25","","","","","","",""
"306EFeb1809","26","","","","","","",""
"306EFeb1809","27","","","","","","",""
"306EFeb1809","28","","","","","","",""
"306EFeb1809","29","","","","","","",""
"306EFeb1809","30","","","","","","",""
"306EJan1808","1","","","","","","",""
"306EJan1808","2","","","","","","",""
"306EJan1808","3","","","","","","",""
"306EJan1808","4","","","","","","",""
"306EJan1808","5","","","","","","",""
"306EJan1808","6","","","","","","",""
"306EJan1808","7","","","","","","",""
"306EJan1808","8","","","","","","",""
"306EJan1808","9","","","","","","",""
"306EJan1808","10","","","","","","",""
"306EJan1808","11","","","","","","",""
"306EJan1808","12","","","","","","",""
"306EJan1808","13","","","","","","",""
"306EJan1808","14","","","","","","",""
"306EJan1808","15","","","","","","",""
"306EJan1808","16","","","","","","",""
"306EJan1808","17","","","","","","",""
"306EJan1808","18","","","","","","",""
"306EJan1808","19","","","","","","",""
"306EJan1808","20","","","","","","",""
"306EJan1808","21","","","","","","",""
"306EJan1808","22","","","","","","",""
"306EJan1808","23","","","","","","",""
"306EJan1808","24","","","","","","",""
"306EJan1808","25","","","","","","",""
"306EJan1808","26","","","","","","",""
"306EJan1808","27","","","","","","",""
"306EJan1808","28","","","","","","",""
"306EJan1808","29","","","","","","",""
"306EJan1808","30","","","","","","",""
"306EJan1809","1","","","","","","",""
"306EJan1809","2","","","","","","",""
"306EJan1809","3","","","","","","",""
"306EJan1809","4","","","","","","",""
"306EJan1809","5","","","","","","",""
"306EJan1809","6","","","","","","",""
"306EJan1809","7","","","","","","",""
"306EJan1809","8","","","","","","",""
"306EJan1809","9","","","","","","",""
"306EJan1809","10","","","","","","",""
"306EJan1809","11","","","","","","",""
"306EJan1809","12","","","","","","",""
"306EJan1809","13","","","","","","",""
"306EJan1809","14","","","","","","",""
"306EJan1809","15","","","","","","",""
"306EJan1809","16","","","","","","",""
"306EJan1809","17","","","","","","",""
"306EJan1809","18","","","","","","",""
"306EJan1809","19","","","","","","",""
"306EJan1809","20","","","","","","",""
"306EJan1809","21","","","","","","",""
"306EJan1809","22","","","","","","",""
"306EJan1809","23","","","","","","",""
"306EJan1809","24","","","","","","",""
"306EJan1809","25","","","","","","",""
"306EJan1809","26","","","","","","",""
"306EJan1809","27","","","","","","",""
"306EJan1809","28","","","","","","",""
"306EJan1809","29","","","","","","",""
"306EJan1809","30","","","","","","",""
"306EJul1808","1","","","","","","",""
"306EJul1808","2","","","","","","",""
"306EJul1808","3","","","","","","",""
"306EJul1808","4","","","","","","",""
"306EJul1808","5","","","","","","",""
"306EJul1808","6","","","","","","",""
"306EJul1808","7","","","","","","",""
"306EJul1808","8","","","","","","",""
"306EJul1808","9","","","","","","",""
"306EJul1808","10","4131","8","1","","","",""
"306EJul1808","11","4134","3","1","","","",""
"306EJul1808","12","4161","1","1","","","",""
"306EJul1808","13","4215","3","1","","","",""
"306EJul1808","14","4135","7","2","","","",""
"306EJul1808","15","","","","","","",""
"306EJul1808","16","","","","","","",""
"306EJul1808","17","","","","","","",""
"306EJul1808","18","","","","","","",""
"306EJul1808","19","","","","","","",""
"306EJul1808","20","","","","","","",""
"306EJul1808","21","","","","","","",""
"306EJul1808","22","","","","","","",""
"306EJul1808","23","","","","","","",""
"306EJul1808","24","","","","","","",""
"306EJul1808","25","","","","","","",""
"306EJul1808","26","","","","","","",""
"306EJul1808","27","","","","","","",""
"306EJul1808","28","4128","5","1","","","",""
"306EJul1808","29","4215","3","1","","","",""
"306EJul1808","30","4304","6","2","5","1","",""
"306EJun1808","1","","","","","","",""
"306EJun1808","2","","","","","","",""
"306EJun1808","3","","","","","","",""
"306EJun1808","4","","","","","","",""
"306EJun1808","5","","","","","","",""
"306EJun1808","6","","","","","","",""
"306EJun1808","7","","","","","","",""
"306EJun1808","8","","","","","","",""
"306EJun1808","9","","","","","","",""
"306EJun1808","10","","","","","","",""
"306EJun1808","11","","","","","","",""
"306EJun1808","12","","","","","","",""
"306EJun1808","13","","","","","","",""
"306EJun1808","14","","","","","","",""
"306EJun1808","15","","","","","","",""
"306EJun1808","16","","","","","","",""
"306EJun1808","17","","","","","","",""
"306EJun1808","18","","","","","","",""
"306EJun1808","19","","","","","","",""
"306EJun1808","20","","","","","","",""
"306EJun1808","21","","","","","","",""
"306EJun1808","22","","","","","","",""
"306EJun1808","23","","","","","","",""
"306EJun1808","24","","","","","","",""
"306EJun1808","25","","","","","","",""
"306EJun1808","26","","","","","","",""
"306EJun1808","27","","","","","","",""
"306EJun1808","28","","","","","","",""
"306EJun1808","29","","","","","","",""
"306EJun1808","30","","","","","","",""
"306EMar1808","1","1062","3","6","4","18","3","5"
"306EMar1808","2","","","","","","",""
"306EMar1808","3","","","","","","",""
"306EMar1808","4","","","","","","",""
"306EMar1808","5","","","","","","",""
"306EMar1808","6","","","","","","",""
"306EMar1808","7","","","","","","",""
"306EMar1808","8","","","","","","",""
"306EMar1808","9","","","","","","",""
"306EMar1808","10","","","","","","",""
"306EMar1808","11","","","","","","",""
"306EMar1808","12","","","","","","",""
"306EMar1808","13","","","","","","",""
"306EMar1808","14","","","","","","",""
"306EMar1808","15","","","","","","",""
"306EMar1808","16","","","","","","",""
"306EMar1808","17","","","","","","",""
"306EMar1808","18","","","","","","",""
"306EMar1808","19","","","","","","",""
"306EMar1808","20","","","","","","",""
"306EMar1808","21","","","","","","",""
"306EMar1808","22","","","","","","",""
"306EMar1808","23","","","","","","",""
"306EMar1808","24","","","","","","",""
"306EMar1808","25","","","","","","",""
"306EMar1808","26","","","","","","",""
"306EMar1808","27","","","","","","",""
"306EMar1808","28","","","","","","",""
"306EMar1808","29","","","","","","",""
"306EMar1808","30","","","","","","",""
"306EOct1808","1","","","","","","",""
"306EOct1808","2","","","","","","",""
"306EOct1808","3","","","","","","",""
"306EOct1808","4","","","","","","",""
"306EOct1808","5","","","","","","",""
"306EOct1808","6","","","","","","",""
"306EOct1808","7","","","","","","",""
"306EOct1808","8","","","","","","",""
"306EOct1808","9","","","","","","",""
"306EOct1808","10","","","","","","",""
"306EOct1808","11","","","","","","",""
"306EOct1808","12","","","","","","",""
"306EOct1808","13","","","","","","",""
"306EOct1808","14","","","","","","",""
"306EOct1808","15","","","","","","",""
"306EOct1808","16","","","","","","",""
"306EOct1808","17","","","","","","",""
"306EOct1808","18","","","","","","",""
"306EOct1808","19","","","","","","",""
"306EOct1808","20","","","","","","",""
"306EOct1808","21","","","","","","",""
"306EOct1808","22","","","","","","",""
"306EOct1808","23","","","","","","",""
"306EOct1808","24","","","","","","",""
"306EOct1808","25","","","","","","",""
"306EOct1808","26","","","","","","",""
"306EOct1808","27","","","","","","",""
"306EOct1808","28","","","","","","",""
"306EOct1808","29","","","","","","",""
"306EOct1808","30","","","","","","",""
"307EApr1808","1","","","","","","",""
"307EApr1808","2","","","","","","",""
"307EApr1808","3","","","","","","",""
"307EApr1808","4","","","","","","",""
"307EApr1808","5","","","","","","",""
"307EApr1808","6","","","","","","",""
"307EApr1808","7","","","","","","",""
"307EApr1808","8","","","","","","",""
"307EApr1808","9","","","","","","",""
"307EApr1808","10","","","","","","",""
"307EApr1808","11","","","","","","",""
"307EApr1808","12","","","","","","",""
"307EApr1808","13","","","","","","",""
"307EApr1808","14","","","","","","",""
"307EApr1808","15","","","","","","",""
"307EApr1808","16","","","","","","",""
"307EApr1808","17","","","","","","",""
"307EApr1808","18","","","","","","",""
"307EApr1808","19","","","","","","",""
"307EApr1808","20","","","","","","",""
"307EApr1808","21","","","","","","",""
"307EApr1808","22","","","","","","",""
"307EApr1808","23","","","","","","",""
"307EApr1808","24","","","","","","",""
"307EApr1808","25","","","","","","",""
"307EApr1808","26","","","","","","",""
"307EApr1808","27","","","","","","",""
"307EApr1808","28","","","","","","",""
"307EApr1808","29","","","","","","",""
"307EApr1808","30","","","","","","",""
"307EApr1809","1","","","","","","",""
"307EApr1809","2","","","","","","",""
"307EApr1809","3","","","","","","",""
"307EApr1809","4","","","","","","",""
"307EApr1809","5","","","","","","",""
"307EApr1809","6","","","","","","",""
"307EApr1809","7","","","","","","",""
"307EApr1809","8","","","","","","",""
"307EApr1809","9","","","","","","",""
"307EApr1809","10","","","","","","",""
"307EApr1809","11","","","","","","",""
"307EApr1809","12","","","","","","",""
"307EApr1809","13","","","","","","",""
"307EApr1809","14","","","","","","",""
"307EApr1809","15","","","","","","",""
"307EApr1809","16","","","","","","",""
"307EApr1809","17","","","","","","",""
"307EApr1809","18","","","","","","",""
"307EApr1809","19","","","","","","",""
"307EApr1809","20","","","","","","",""
"307EApr1809","21","","","","","","",""
"307EApr1809","22","","","","","","",""
"307EApr1809","23","","","","","","",""
"307EApr1809","24","","","","","","",""
"307EApr1809","25","","","","","","",""
"307EApr1809","26","","","","","","",""
"307EApr1809","27","","","","","","",""
"307EApr1809","28","","","","","","",""
"307EApr1809","29","","","","","","",""
"307EApr1809","30","","","","","","",""
"307EAug1808","1","","","","","","",""
"307EAug1808","2","","","","","","",""
"307EAug1808","3","","","","","","",""
"307EAug1808","4","","","","","","",""
"307EAug1808","5","","","","","","",""
"307EAug1808","6","","","","","","",""
"307EAug1808","7","","","","","","",""
"307EAug1808","8","","","","","","",""
"307EAug1808","9","","","","","","",""
"307EAug1808","10","","","","","","",""
"307EAug1808","11","","","","","","",""
"307EAug1808","12","","","","","","",""
"307EAug1808","13","","","","","","",""
"307EAug1808","14","","","","","","",""
"307EAug1808","15","","","","","","",""
"307EAug1808","16","","","","","","",""
"307EAug1808","17","","","","","","",""
"307EAug1808","18","","","","","","",""
"307EAug1808","19","","","","","","",""
"307EAug1808","20","","","","","","",""
"307EAug1808","21","","","","","","",""
"307EAug1808","22","","","","","","",""
"307EAug1808","23","","","","","","",""
"307EAug1808","24","","","","","","",""
"307EAug1808","25","","","","","","",""
"307EAug1808","26","","","","","","",""
"307EAug1808","27","","","","","","",""
"307EAug1808","28","","","","","","",""
"307EAug1808","29","","","","","","",""
"307EAug1808","30","","","","","","",""
"307EDec1808","1","","","","","","",""
"307EDec1808","2","","","","","","",""
"307EDec1808","3","","","","","","",""
"307EDec1808","4","","","","","","",""
"307EDec1808","5","","","","","","",""
"307EDec1808","6","","","","","","",""
"307EDec1808","7","","","","","","",""
"307EDec1808","8","","","","","","",""
"307EDec1808","9","","","","","","",""
"307EDec1808","10","","","","","","",""
"307EDec1808","11","","","","","","",""
"307EDec1808","12","","","","","","",""
"307EDec1808","13","","","","","","",""
"307EDec1808","14","","","","","","",""
"307EDec1808","15","","","","","","",""
"307EDec1808","16","","","","","","",""
"307EDec1808","17","","","","","","",""
"307EDec1808","18","","","","","","",""
"307EDec1808","19","","","","","","",""
"307EDec1808","20","","","","","","",""
"307EDec1808","21","","","","","","",""
"307EDec1808","22","","","","","","",""
"307EDec1808","23","","","","","","",""
"307EDec1808","24","","","","","","",""
"307EDec1808","25","","","","","","",""
"307EDec1808","26","","","","","","",""
"307EDec1808","27","","","","","","",""
"307EDec1808","28","","","","","","",""
"307EDec1808","29","","","","","","",""
"307EDec1808","30","","","","","","",""
"307EFeb1809","1","","","","","","",""
"307EFeb1809","2","","","","","","",""
"307EFeb1809","3","","","","","","",""
"307EFeb1809","4","","","","","","",""
"307EFeb1809","5","","","","","","",""
"307EFeb1809","6","","","","","","",""
"307EFeb1809","7","","","","","","",""
"307EFeb1809","8","","","","","","",""
"307EFeb1809","9","","","","","","",""
"307EFeb1809","10","","","","","","",""
"307EFeb1809","11","","","","","","",""
"307EFeb1809","12","","","","","","",""
"307EFeb1809","13","","","","","","",""
"307EFeb1809","14","","","","","","",""
"307EFeb1809","15","","","","","","",""
"307EFeb1809","16","","","","","","",""
"307EFeb1809","17","","","","","","",""
"307EFeb1809","18","","","","","","",""
"307EFeb1809","19","","","","","","",""
"307EFeb1809","20","","","","","","",""
"307EFeb1809","21","","","","","","",""
"307EFeb1809","22","","","","","","",""
"307EFeb1809","23","","","","","","",""
"307EFeb1809","24","","","","","","",""
"307EFeb1809","25","","","","","","",""
"307EFeb1809","26","","","","","","",""
"307EFeb1809","27","","","","","","",""
"307EFeb1809","28","","","","","","",""
"307EFeb1809","29","","","","","","",""
"307EFeb1809","30","","","","","","",""
"307EJan1808","1","","","","","","",""
"307EJan1808","2","","","","","","",""
"307EJan1808","3","","","","","","",""
"307EJan1808","4","","","","","","",""
"307EJan1808","5","","","","","","",""
"307EJan1808","6","","","","","","",""
"307EJan1808","7","","","","","","",""
"307EJan1808","8","","","","","","",""
"307EJan1808","9","","","","","","",""
"307EJan1808","10","","","","","","",""
"307EJan1808","11","","","","","","",""
"307EJan1808","12","","","","","","",""
"307EJan1808","13","","","","","","",""
"307EJan1808","14","","","","","","",""
"307EJan1808","15","","","","","","",""
"307EJan1808","16","","","","","","",""
"307EJan1808","17","","","","","","",""
"307EJan1808","18","","","","","","",""
"307EJan1808","19","","","","","","",""
"307EJan1808","20","","","","","","",""
"307EJan1808","21","","","","","","",""
"307EJan1808","22","","","","","","",""
"307EJan1808","23","","","","","","",""
"307EJan1808","24","","","","","","",""
"307EJan1808","25","","","","","","",""
"307EJan1808","26","","","","","","",""
"307EJan1808","27","","","","","","",""
"307EJan1808","28","","","","","","",""
"307EJan1808","29","","","","","","",""
"307EJan1808","30","","","","","","",""
"307EJan1809","1","","","","","","",""
"307EJan1809","2","","","","","","",""
"307EJan1809","3","","","","","","",""
"307EJan1809","4","","","","","","",""
"307EJan1809","5","","","","","","",""
"307EJan1809","6","","","","","","",""
"307EJan1809","7","","","","","","",""
"307EJan1809","8","","","","","","",""
"307EJan1809","9","","","","","","",""
"307EJan1809","10","","","","","","",""
"307EJan1809","11","","","","","","",""
"307EJan1809","12","","","","","","",""
"307EJan1809","13","","","","","","",""
"307EJan1809","14","","","","","","",""
"307EJan1809","15","","","","","","",""
"307EJan1809","16","","","","","","",""
"307EJan1809","17","","","","","","",""
"307EJan1809","18","","","","","","",""
"307EJan1809","19","","","","","","",""
"307EJan1809","20","","","","","","",""
"307EJan1809","21","","","","","","",""
"307EJan1809","22","","","","","","",""
"307EJan1809","23","","","","","","",""
"307EJan1809","24","","","","","","",""
"307EJan1809","25","","","","","","",""
"307EJan1809","26","","","","","","",""
"307EJan1809","27","","","","","","",""
"307EJan1809","28","","","","","","",""
"307EJan1809","29","","","","","","",""
"307EJan1809","30","","","","","","",""
"307EJul1808","1","","","","","","",""
"307EJul1808","2","","","","","","",""
"307EJul1808","3","","","","","","",""
"307EJul1808","4","","","","","","",""
"307EJul1808","5","","","","","","",""
"307EJul1808","6","","","","","","",""
"307EJul1808","7","","","","","","",""
"307EJul1808","8","","","","","","",""
"307EJul1808","9","","","","","","",""
"307EJul1808","10","","","","","","",""
"307EJul1808","11","","","","","","",""
"307EJul1808","12","","","","","","",""
"307EJul1808","13","","","","","","",""
"307EJul1808","14","","","","","","",""
"307EJul1808","15","","","","","","",""
"307EJul1808","16","","","","","","",""
"307EJul1808","17","","","","","","",""
"307EJul1808","18","","","","","","",""
"307EJul1808","19","","","","","","",""
"307EJul1808","20","","","","","","",""
"307EJul1808","21","","","","","","",""
"307EJul1808","22","","","","","","",""
"307EJul1808","23","","","","","","",""
"307EJul1808","24","","","","","","",""
"307EJul1808","25","","","","","","",""
"307EJul1808","26","","","","","","",""
"307EJul1808","27","","","","","","",""
"307EJul1808","28","","","","","","",""
"307EJul1808","29","","","","","","",""
"307EJul1808","30","","","","","","",""
"307EJul1809","1","","","","","","",""
"307EJul1809","2","","","","","","",""
"307EJul1809","3","","","","","","",""
"307EJul1809","4","","","","","","",""
"307EJul1809","5","","","","","","",""
"307EJul1809","6","","","","","","",""
"307EJul1809","7","","","","","","",""
"307EJul1809","8","","","","","","",""
"307EJul1809","9","","","","","","",""
"307EJul1809","10","","","","","","",""
"307EJul1809","11","","","","","","",""
"307EJul1809","12","","","","","","",""
"307EJul1809","13","","","","","","",""
"307EJul1809","14","","","","","","",""
"307EJul1809","15","","","","","","",""
"307EJul1809","16","","","","","","",""
"307EJul1809","17","","","","","","",""
"307EJul1809","18","","","","","","",""
"307EJul1809","19","","","","","","",""
"307EJul1809","20","","","","","","",""
"307EJul1809","21","","","","","","",""
"307EJul1809","22","","","","","","",""
"307EJul1809","23","","","","","","",""
"307EJul1809","24","","","","","","",""
"307EJul1809","25","","","","","","",""
"307EJul1809","26","","","","","","",""
"307EJul1809","27","","","","","","",""
"307EJul1809","28","","","","","","",""
"307EJul1809","29","","","","","","",""
"307EJul1809","30","","","","","","",""
"307EJun1808","1","","","","","","",""
"307EJun1808","2","","","","","","",""
"307EJun1808","3","","","","","","",""
"307EJun1808","4","","","","","","",""
"307EJun1808","5","","","","","","",""
"307EJun1808","6","","","","","","",""
"307EJun1808","7","","","","","","",""
"307EJun1808","8","","","","","","",""
"307EJun1808","9","","","","","","",""
"307EJun1808","10","","","","","","",""
"307EJun1808","11","","","","","","",""
"307EJun1808","12","","","","","","",""
"307EJun1808","13","","","","","","",""
"307EJun1808","14","","","","","","",""
"307EJun1808","15","","","","","","",""
"307EJun1808","16","","","","","","",""
"307EJun1808","17","","","","","","",""
"307EJun1808","18","","","","","","",""
"307EJun1808","19","","","","","","",""
"307EJun1808","20","","","","","","",""
"307EJun1808","21","","","","","","",""
"307EJun1808","22","","","","","","",""
"307EJun1808","23","","","","","","",""
"307EJun1808","24","","","","","","",""
"307EJun1808","25","","","","","","",""
"307EJun1808","26","","","","","","",""
"307EJun1808","27","","","","","","",""
"307EJun1808","28","","","","","","",""
"307EJun1808","29","","","","","","",""
"307EJun1808","30","","","","","","",""
"307EMar1808","1","","","","","","",""
"307EMar1808","2","","","","","","",""
"307EMar1808","3","","","","","","",""
"307EMar1808","4","","","","","","",""
"307EMar1808","5","","","","","","",""
"307EMar1808","6","","","","","","",""
"307EMar1808","7","","","","","","",""
"307EMar1808","8","","","","","","",""
"307EMar1808","9","","","","","","",""
"307EMar1808","10","","","","","","",""
"307EMar1808","11","","","","","","",""
"307EMar1808","12","","","","","","",""
"307EMar1808","13","","","","","","",""
"307EMar1808","14","","","","","","",""
"307EMar1808","15","","","","","","",""
"307EMar1808","16","","","","","","",""
"307EMar1808","17","","","","","","",""
"307EMar1808","18","","","","","","",""
"307EMar1808","19","","","","","","",""
"307EMar1808","20","","","","","","",""
"307EMar1808","21","","","","","","",""
"307EMar1808","22","","","","","","",""
"307EMar1808","23","","","","","","",""
"307EMar1808","24","","","","","","",""
"307EMar1808","25","","","","","","",""
"307EMar1808","26","","","","","","",""
"307EMar1808","27","","","","","","",""
"307EMar1808","28","","","","","","",""
"307EMar1808","29","","","","","","",""
"307EMar1808","30","","","","","","",""
"307EMay1808","1","","","","","","",""
"307EMay1808","2","","","","","","",""
"307EMay1808","3","","","","","","",""
"307EMay1808","4","","","","","","",""
"307EMay1808","5","","","","","","",""
"307EMay1808","6","","","","","","",""
"307EMay1808","7","","","","","","",""
"307EMay1808","8","","","","","","",""
"307EMay1808","9","","","","","","",""
"307EMay1808","10","","","","","","",""
"307EMay1808","11","","","","","","",""
"307EMay1808","12","","","","","","",""
"307EMay1808","13","","","","","","",""
"307EMay1808","14","","","","","","",""
"307EMay1808","15","","","","","","",""
"307EMay1808","16","","","","","","",""
"307EMay1808","17","","","","","","",""
"307EMay1808","18","","","","","","",""
"307EMay1808","19","","","","","","",""
"307EMay1808","20","","","","","","",""
"307EMay1808","21","","","","","","",""
"307EMay1808","22","","","","","","",""
"307EMay1808","23","","","","","","",""
"307EMay1808","24","","","","","","",""
"307EMay1808","25","","","","","","",""
"307EMay1808","26","","","","","","",""
"307EMay1808","27","","","","","","",""
"307EMay1808","28","","","","","","",""
"307EMay1808","29","","","","","","",""
"307EMay1808","30","","","","","","",""
"307EMay1809","1","","","","","","",""
"307EMay1809","2","","","","","","",""
"307EMay1809","3","","","","","","",""
"307EMay1809","4","","","","","","",""
"307EMay1809","5","","","","","","",""
"307EMay1809","6","","","","","","",""
"307EMay1809","7","","","","","","",""
"307EMay1809","8","","","","","","",""
"307EMay1809","9","","","","","","",""
"307EMay1809","10","","","","","","",""
"307EMay1809","11","","","","","","",""
"307EMay1809","12","","","","","","",""
"307EMay1809","13","","","","","","",""
"307EMay1809","14","","","","","","",""
"307EMay1809","15","","","","","","",""
"307EMay1809","16","","","","","","",""
"307EMay1809","17","","","","","","",""
"307EMay1809","18","","","","","","",""
"307EMay1809","19","","","","","","",""
"307EMay1809","20","","","","","","",""
"307EMay1809","21","","","","","","",""
"307EMay1809","22","","","","","","",""
"307EMay1809","23","","","","","","",""
"307EMay1809","24","","","","","","",""
"307EMay1809","25","","","","","","",""
"307EMay1809","26","","","","","","",""
"307EMay1809","27","","","","","","",""
"307EMay1809","28","","","","","","",""
"307EMay1809","29","","","","","","",""
"307EMay1809","30","","","","","","",""
"307ENov1808","1","","","","","","",""
"307ENov1808","2","","","","","","",""
"307ENov1808","3","","","","","","",""
"307ENov1808","4","","","","","","",""
"307ENov1808","5","","","","","","",""
"307ENov1808","6","","","","","","",""
"307ENov1808","7","","","","","","",""
"307ENov1808","8","","","","","","",""
"307ENov1808","9","","","","","","",""
"307ENov1808","10","","","","","","",""
"307ENov1808","11","","","","","","",""
"307ENov1808","12","","","","","","",""
"307ENov1808","13","","","","","","",""
"307ENov1808","14","","","","","","",""
"307ENov1808","15","","","","","","",""
"307ENov1808","16","","","","","","",""
"307ENov1808","17","","","","","","",""
"307ENov1808","18","","","","","","",""
"307ENov1808","19","","","","","","",""
"307ENov1808","20","","","","","","",""
"307ENov1808","21","","","","","","",""
"307ENov1808","22","","","","","","",""
"307ENov1808","23","","","","","","",""
"307ENov1808","24","","","","","","",""
"307ENov1808","25","","","","","","",""
"307ENov1808","26","","","","","","",""
"307ENov1808","27","","","","","","",""
"307ENov1808","28","","","","","","",""
"307ENov1808","29","","","","","","",""
"307ENov1808","30","","","","","","",""
"307ENov1809","1","","","","","","",""
"307ENov1809","2","","","","","","",""
"307ENov1809","3","","","","","","",""
"307ENov1809","4","","","","","","",""
"307ENov1809","5","","","","","","",""
"307ENov1809","6","","","","","","",""
"307ENov1809","7","","","","","","",""
"307ENov1809","8","","","","","","",""
"307ENov1809","9","","","","","","",""
"307ENov1809","10","","","","","","",""
"307ENov1809","11","","","","","","",""
"307ENov1809","12","","","","","","",""
"307ENov1809","13","","","","","","",""
"307ENov1809","14","","","","","","",""
"307ENov1809","15","","","","","","",""
"307ENov1809","16","","","","","","",""
"307ENov1809","17","","","","","","",""
"307ENov1809","18","","","","","","",""
"307ENov1809","19","","","","","","",""
"307ENov1809","20","","","","","","",""
"307ENov1809","21","","","","","","",""
"307ENov1809","22","","","","","","",""
"307ENov1809","23","","","","","","",""
"307ENov1809","24","","","","","","",""
"307ENov1809","25","","","","","","",""
"307ENov1809","26","","","","","","",""
"307ENov1809","27","","","","","","",""
"307ENov1809","28","","","","","","",""
"307ENov1809","29","","","","","","",""
"307ENov1809","30","","","","","","",""
"307EOct1808","1","","","","","","",""
"307EOct1808","2","","","","","","",""
"307EOct1808","3","","","","","","",""
"307EOct1808","4","","","","","","",""
"307EOct1808","5","","","","","","",""
"307EOct1808","6","","","","","","",""
"307EOct1808","7","","","","","","",""
"307EOct1808","8","","","","","","",""
"307EOct1808","9","","","","","","",""
"307EOct1808","10","","","","","","",""
"307EOct1808","11","","","","","","",""
"307EOct1808","12","","","","","","",""
"307EOct1808","13","","","","","","",""
"307EOct1808","14","","","","","","",""
"307EOct1808","15","","","","","","",""
"307EOct1808","16","","","","","","",""
"307EOct1808","17","","","","","","",""
"307EOct1808","18","","","","","","",""
"307EOct1808","19","","","","","","",""
"307EOct1808","20","","","","","","",""
"307EOct1808","21","","","","","","",""
"307EOct1808","22","","","","","","",""
"307EOct1808","23","","","","","","",""
"307EOct1808","24","","","","","","",""
"307EOct1808","25","","","","","","",""
"307EOct1808","26","","","","","","",""
"307EOct1808","27","","","","","","",""
"307EOct1808","28","","","","","","",""
"307EOct1808","29","","","","","","",""
"307EOct1808","30","","","","","","",""
"307EOct1809","1","","","","","","",""
"307EOct1809","2","","","","","","",""
"307EOct1809","3","","","","","","",""
"307EOct1809","4","","","","","","",""
"307EOct1809","5","","","","","","",""
"307EOct1809","6","","","","","","",""
"307EOct1809","7","","","","","","",""
"307EOct1809","8","","","","","","",""
"307EOct1809","9","","","","","","",""
"307EOct1809","10","","","","","","",""
"307EOct1809","11","","","","","","",""
"307EOct1809","12","","","","","","",""
"307EOct1809","13","","","","","","",""
"307EOct1809","14","","","","","","",""
"307EOct1809","15","","","","","","",""
"307EOct1809","16","","","","","","",""
"307EOct1809","17","","","","","","",""
"307EOct1809","18","","","","","","",""
"307EOct1809","19","","","","","","",""
"307EOct1809","20","","","","","","",""
"307EOct1809","21","","","","","","",""
"307EOct1809","22","","","","","","",""
"307EOct1809","23","","","","","","",""
"307EOct1809","24","","","","","","",""
"307EOct1809","25","","","","","","",""
"307EOct1809","26","","","","","","",""
"307EOct1809","27","","","","","","",""
"307EOct1809","28","","","","","","",""
"307EOct1809","29","","","","","","",""
"307EOct1809","30","","","","","","",""
"307ESep1808","1","","","","","","",""
"307ESep1808","2","","","","","","",""
"307ESep1808","3","","","","","","",""
"307ESep1808","4","","","","","","",""
"307ESep1808","5","","","","","","",""
"307ESep1808","6","","","","","","",""
"307ESep1808","7","","","","","","",""
"307ESep1808","8","","","","","","",""
"307ESep1808","9","","","","","","",""
"307ESep1808","10","","","","","","",""
"307ESep1808","11","","","","","","",""
"307ESep1808","12","","","","","","",""
"307ESep1808","13","","","","","","",""
"307ESep1808","14","","","","","","",""
"307ESep1808","15","","","","","","",""
"307ESep1808","16","","","","","","",""
"307ESep1808","17","","","","","","",""
"307ESep1808","18","","","","","","",""
"307ESep1808","19","","","","","","",""
"307ESep1808","20","","","","","","",""
"307ESep1808","21","","","","","","",""
"307ESep1808","22","","","","","","",""
"307ESep1808","23","","","","","","",""
"307ESep1808","24","","","","","","",""
"307ESep1808","25","","","","","","",""
"307ESep1808","26","","","","","","",""
"307ESep1808","27","","","","","","",""
"307ESep1808","28","","","","","","",""
"307ESep1808","29","","","","","","",""
"307ESep1808","30","","","","","","",""
"307ESep1809","1","","","","","","",""
"307ESep1809","2","","","","","","",""
"307ESep1809","3","","","","","","",""
"307ESep1809","4","","","","","","",""
"307ESep1809","5","","","","","","",""
"307ESep1809","6","","","","","","",""
"307ESep1809","7","","","","","","",""
"307ESep1809","8","","","","","","",""
"307ESep1809","9","","","","","","",""
"307ESep1809","10","","","","","","",""
"307ESep1809","11","","","","","","",""
"307ESep1809","12","","","","","","",""
"307ESep1809","13","","","","","","",""
"307ESep1809","14","","","","","","",""
"307ESep1809","15","","","","","","",""
"307ESep1809","16","","","","","","",""
"307ESep1809","17","","","","","","",""
"307ESep1809","18","","","","","","",""
"307ESep1809","19","","","","","","",""
"307ESep1809","20","","","","","","",""
"307ESep1809","21","","","","","","",""
"307ESep1809","22","","","","","","",""
"307ESep1809","23","","","","","","",""
"307ESep1809","24","","","","","","",""
"307ESep1809","25","","","","","","",""
"307ESep1809","26","","","","","","",""
"307ESep1809","27","","","","","","",""
"307ESep1809","28","","","","","","",""
"307ESep1809","29","","","","","","",""
"307ESep1809","30","","","","","","",""
"348BAug1809","1","","","","","","",""
"348BAug1809","2","","","","","","",""
"348BAug1809","3","","","","","","",""
"348BAug1809","4","","","","","","",""
"348BAug1809","5","","","","","","",""
"348BAug1809","6","","","","","","",""
"348BAug1809","7","","","","","","",""
"348BAug1809","8","","","","","","",""
"348BAug1809","9","","","","","","",""
"348BAug1809","10","","","","","","",""
"348BAug1809","11","","","","","","",""
"348BAug1809","12","","","","","","",""
"348BAug1809","13","","","","","","",""
"348BAug1809","14","","","","","","",""
"348BAug1809","15","","","","","","",""
"348BAug1809","16","","","","","","",""
"348BAug1809","17","","","","","","",""
"348BAug1809","18","","","","","","",""
"348BAug1809","19","","","","","","",""
"348BAug1809","20","","","","","","",""
"348BAug1809","21","","","","","","",""
"348BAug1809","22","","","","","","",""
"348BAug1809","23","","","","","","",""
"348BAug1809","24","","","","","","",""
"348BAug1809","25","","","","","","",""
"348BAug1809","26","","","","","","",""
"348BAug1809","27","","","","","","",""
"348BAug1809","28","","","","","","",""
"348BAug1809","29","","","","","","",""
"348BAug1809","30","","","","","","",""
"348BSep1809","1","","","","","","",""
"348BSep1809","2","","","","","","",""
"348BSep1809","3","","","","","","",""
"348BSep1809","4","","","","","","",""
"348BSep1809","5","","","","","","",""
"348BSep1809","6","","","","","","",""
"348BSep1809","7","","","","","","",""
"348BSep1809","8","","","","","","",""
"348BSep1809","9","","","","","","",""
"348BSep1809","10","","","","","","",""
"348BSep1809","11","","","","","","",""
"348BSep1809","12","","","","","","",""
"348BSep1809","13","","","","","","",""
"348BSep1809","14","","","","","","",""
"348BSep1809","15","","","","","","",""
"348BSep1809","16","","","","","","",""
"348BSep1809","17","","","","","","",""
"348BSep1809","18","","","","","","",""
"348BSep1809","19","","","","","","",""
"348BSep1809","20","","","","","","",""
"348BSep1809","21","","","","","","",""
"348BSep1809","22","","","","","","",""
"348BSep1809","23","","","","","","",""
"348BSep1809","24","","","","","","",""
"348BSep1809","25","","","","","","",""
"348BSep1809","26","","","","","","",""
"348BSep1809","27","","","","","","",""
"348BSep1809","28","","","","","","",""
"348BSep1809","29","","","","","","",""
"348BSep1809","30","","","","","","",""
"348EAug1809","1","","","","","","",""
"348EAug1809","2","","","","","","",""
"348EAug1809","3","","","","","","",""
"348EAug1809","4","","","","","","",""
"348EAug1809","5","","","","","","",""
"348EAug1809","6","","","","","","",""
"348EAug1809","7","","","","","","",""
"348EAug1809","8","","","","","","",""
"348EAug1809","9","","","","","","",""
"348EAug1809","10","","","","","","",""
"348EAug1809","11","","","","","","",""
"348EAug1809","12","","","","","","",""
"348EAug1809","13","","","","","","",""
"348EAug1809","14","","","","","","",""
"348EAug1809","15","","","","","","",""
"348EAug1809","16","","","","","","",""
"348EAug1809","17","","","","","","",""
"348EAug1809","18","","","","","","",""
"348EAug1809","19","","","","","","",""
"348EAug1809","20","","","","","","",""
"348EAug1809","21","","","","","","",""
"348EAug1809","22","","","","","","",""
"348EAug1809","23","","","","","","",""
"348EAug1809","24","","","","","","",""
"348EAug1809","25","","","","","","",""
"348EAug1809","26","","","","","","",""
"348EAug1809","27","","","","","","",""
"348EAug1809","28","","","","","","",""
"348EAug1809","29","","","","","","",""
"348EAug1809","30","","","","","","",""
"348ESep1809","1","","","","","","",""
"348ESep1809","2","","","","","","",""
"348ESep1809","3","","","","","","",""
"348ESep1809","4","","","","","","",""
"348ESep1809","5","","","","","","",""
"348ESep1809","6","","","","","","",""
"348ESep1809","7","","","","","","",""
"348ESep1809","8","","","","","","",""
"348ESep1809","9","","","","","","",""
"348ESep1809","10","","","","","","",""
"348ESep1809","11","","","","","","",""
"348ESep1809","12","","","","","","",""
"348ESep1809","13","","","","","","",""
"348ESep1809","14","","","","","","",""
"348ESep1809","15","","","","","","",""
"348ESep1809","16","","","","","","",""
"348ESep1809","17","","","","","","",""
"348ESep1809","18","","","","","","",""
"348ESep1809","19","","","","","","",""
"348ESep1809","20","","","","","","",""
"348ESep1809","21","","","","","","",""
"348ESep1809","22","","","","","","",""
"348ESep1809","23","","","","","","",""
"348ESep1809","24","","","","","","",""
"348ESep1809","25","","","","","","",""
"348ESep1809","26","","","","","","",""
"348ESep1809","27","","","","","","",""
"348ESep1809","28","","","","","","",""
"348ESep1809","29","","","","","","",""
"348ESep1809","30","","","","","","",""
"undefined","1","4131","4","1","0","0","0","0"
"undefined","2","4133","4","4","","","",""
"undefined","3","4134","4","1","","","",""
"undefined","4","4136","5","1","","","",""
"undefined","5","4304","2","1","4","1","3","3"
"undefined","6","","","","","","",""
"undefined","7","","","","","","",""
"undefined","8","","","","","","",""
"undefined","9","","","","","","",""
"undefined","10","","","","","","",""
"undefined","11","","","","","","",""
"undefined","12","","","","","","",""
"undefined","13","","","","","","",""
"undefined","14","","","","","","",""
"undefined","15","","","","","","",""
"undefined","16","","","","","","",""
"undefined","17","","","","","","",""
"undefined","18","","","","","","",""
"undefined","19","","","","","","",""
"undefined","20","","","","","","",""
"undefined","21","","","","","","",""
"undefined","22","","","","","","",""
"undefined","23","","","","","","",""
"undefined","24","","","","","","",""
"undefined","25","","","","","","",""
"undefined","26","","","","","","",""
"undefined","27","","","","","","",""
"undefined","28","","","","","","",""
"undefined","29","","","","","","",""
"undefined","30","","","","","","",""
