"TurnId","State","GameNo","Month","Year","PlayerName","AccountNo","ProcessDate","FundsSentCash","FundsSentCheque","FundsSentPO"
"306EAug1808","","","","","","","","","",""
"306EDec1808","","","","","","","","","",""
"306EFeb1808","","","","","","","","","",""
"306EFeb1809","","","","","","","","","",""
"306EJan1808","","","","","","","","","",""
"306EJan1809","","","","","","","","","",""
"306EJul1808","","","","","","","","","",""
"306EJun1808","","","","","","","","","",""
"306EMar1808","","","","","","","","","",""
"306ENov1808","","","","","","","","","",""
"306EOct1808","","","","","","","","","",""
"307EApr1808","","","","","","","","","",""
"307EApr1809","","","","","","","","","",""
"307EAug1808","","","","","","","","","",""
"307EDec1808","","","","","","","","","",""
"307EFeb1809","","","","","","","","","",""
"307EJan1808","","","","","","","","","",""
"307EJan1809","","","","","","","","","",""
"307EJul1808","","","","","","","","","",""
"307EJul1809","","","","","","","","","",""
"307EJun1808","","","","","","","","","",""
"307EMar1808","","","","","","","","","",""
"307EMay1808","","","","","","","","","",""
"307EMay1809","","","","","","","","","",""
"307ENov1808","","","","","","","","","",""
"307ENov1809","","","","","","","","","",""
"307EOct1808","","","","","","","","","",""
"307EOct1809","","","","","","","","","",""
"307ESep1808","","","","","","","","","",""
"307ESep1809","","","","","","","","","",""
"348BAug1809","","","","","","","","","",""
"348BSep1809","","","","","","","","","",""
"348EAug1809","","","","","","","","","",""
"348ESep1809","","","","","","","","","",""
"undefined","","","","","","","","","",""
