"TurnId","ItemNo","Type","X","Y","FleetNo","MP","Condition","Age","Goods1","Quantity1","Goods2","Quantity2","Money"
"306EAug1808","1077","35","90","84","0","26","87","12","0","0","0","0","0"
"306EAug1808","1078","35","26","92","12","28","93","17","0","0","0","0","0"
"306EAug1808","1079","33","90","84","31","30","74","10","0","0","0","0","0"
"306EAug1808","1080","33","18","41","11","40","100","14","50","0","0","0","0"
"306EAug1808","1081","33","18","41","11","40","100","9","50","0","0","0","0"
"306EAug1808","1082","31","26","92","21","48","96","10","0","0","0","0","0"
"306EAug1808","1083","31","26","92","21","48","97","15","0","0","0","0","0"
"306EAug1808","1084","31","18","41","11","50","100","13","0","0","0","0","0"
"306EAug1808","1085","31","77","94","0","43","87","14","0","0","0","0","0"
"306EDec1808","1077","35","90","84","31","26","87","16","30","0","0","0","0"
"306EDec1808","1078","35","26","92","12","28","93","21","0","0","0","0","0"
"306EDec1808","1079","33","90","84","31","30","74","14","0","0","0","0","0"
"306EDec1808","1080","33","18","41","11","38","94","18","90","0","0","0","0"
"306EDec1808","1081","33","18","41","11","39","97","13","90","0","0","0","0"
"306EDec1808","1082","31","20","97","21","44","89","14","34","0","0","0","0"
"306EDec1808","1083","31","20","97","21","45","90","19","0","0","0","0","0"
"306EDec1808","1084","31","18","41","11","47","95","17","0","0","0","0","0"
"306EDec1808","1085","31","77","94","0","43","87","18","0","0","0","0","0"
"306EFeb1808","1077","35","18","41","0","30","100","6","0","0","0","0","0"
"306EFeb1808","1078","35","7","34","0","30","100","11","0","0","0","0","0"
"306EFeb1808","1079","33","90","84","31","40","100","4","28","0","0","0","0"
"306EFeb1808","1080","33","18","41","11","40","100","8","0","0","0","0","0"
"306EFeb1808","1081","33","18","41","11","40","100","3","0","0","0","0","0"
"306EFeb1808","1082","31","22","80","21","50","100","4","61","0","0","0","0"
"306EFeb1808","1083","31","22","80","21","50","100","9","0","0","0","0","0"
"306EFeb1808","1084","31","18","41","11","50","100","7","0","0","0","0","0"
"306EFeb1808","1085","31","7","34","0","50","100","8","0","0","0","0","0"
"306EFeb1809","1018","31","7","34","0","50","100","1","0","0","0","0","0"
"306EFeb1809","1020","31","7","34","0","50","100","1","0","0","0","0","0"
"306EFeb1809","1021","31","7","34","0","50","100","1","0","0","0","0","0"
"306EFeb1809","1023","31","7","34","0","50","100","1","0","0","0","0","0"
"306EFeb1809","1024","31","7","34","0","50","100","1","0","0","0","0","0"
"306EFeb1809","1077","35","1","94","31","25","84","18","0","0","0","0","0"
"306EFeb1809","1078","35","1","19","12","26","86","23","21","100","29","0","0"
"306EFeb1809","1079","33","1","94","31","28","71","16","0","0","0","0","0"
"306EFeb1809","1080","33","18","42","11","35","88","20","0","0","0","0","0"
"306EFeb1809","1081","33","18","42","11","37","93","15","0","0","0","0","0"
"306EFeb1809","1082","31","84","98","21","40","80","16","34","0","0","0","0"
"306EFeb1809","1083","31","84","98","21","40","80","21","0","0","0","0","0"
"306EFeb1809","1084","31","18","42","11","45","91","19","0","0","0","0","0"
"306EFeb1809","1085","31","89","79","0","42","85","20","0","0","0","0","0"
"306EJan1808","1077","35","18","41","0","30","100","5","0","0","0","0","0"
"306EJan1808","1078","35","7","34","0","30","100","10","0","0","0","0","0"
"306EJan1808","1079","33","90","84","0","40","100","3","0","0","0","0","0"
"306EJan1808","1080","33","18","41","0","40","100","7","0","0","0","0","0"
"306EJan1808","1081","33","18","41","0","40","100","2","0","0","0","0","0"
"306EJan1808","1082","31","22","80","0","50","100","3","0","0","0","0","0"
"306EJan1808","1083","31","22","80","0","50","100","8","0","0","0","0","0"
"306EJan1808","1084","31","18","41","0","50","100","6","0","0","0","0","0"
"306EJan1808","1085","31","7","34","0","50","100","7","0","0","0","0","0"
"306EJan1809","1077","35","84","74","31","25","85","17","0","0","0","0","0"
"306EJan1809","1078","35","26","92","12","28","93","22","0","0","0","0","0"
"306EJan1809","1079","33","84","74","31","29","72","15","0","0","0","0","0"
"306EJan1809","1080","33","36","47","11","36","90","19","0","0","0","0","0"
"306EJan1809","1081","33","36","47","11","38","94","14","0","0","0","0","0"
"306EJan1809","1082","31","90","74","21","40","81","15","34","0","0","0","0"
"306EJan1809","1083","31","90","74","21","40","81","20","0","0","0","0","0"
"306EJan1809","1084","31","36","47","11","46","92","18","0","0","0","0","0"
"306EJan1809","1085","31","77","94","0","43","87","19","0","0","0","0","0"
"306EJul1808","1077","35","90","84","0","26","87","11","0","0","0","0","0"
"306EJul1808","1078","35","26","92","12","28","93","16","0","0","0","0","0"
"306EJul1808","1079","33","90","84","31","30","74","9","0","0","0","0","0"
"306EJul1808","1080","33","18","41","11","40","100","13","0","0","0","0","0"
"306EJul1808","1081","33","18","41","11","40","100","8","0","0","0","0","0"
"306EJul1808","1082","31","26","92","21","48","96","9","0","0","0","0","0"
"306EJul1808","1083","31","26","92","21","48","97","14","0","0","0","0","0"
"306EJul1808","1084","31","18","41","11","50","100","12","0","0","0","0","0"
"306EJul1808","1085","31","77","94","0","43","87","13","0","0","0","0","0"
"306EJun1808","1077","35","90","84","0","26","87","10","0","0","0","0","0"
"306EJun1808","1078","35","22","80","12","28","94","15","15","0","0","0","0"
"306EJun1808","1079","33","90","84","31","30","74","8","0","0","0","0","0"
"306EJun1808","1080","33","18","41","14","40","100","12","0","0","0","0","0"
"306EJun1808","1081","33","18","41","14","40","100","7","0","0","0","0","0"
"306EJun1808","1082","31","26","92","21","48","96","8","0","0","0","0","0"
"306EJun1808","1083","31","26","92","21","48","97","13","0","0","0","0","0"
"306EJun1808","1084","31","18","41","14","50","100","11","0","0","0","0","0"
"306EJun1808","1085","31","81","93","0","45","90","12","0","0","0","0","0"
"306EMar1808","1077","35","51","87","0","29","97","7","0","0","0","0","0"
"306EMar1808","1078","35","7","34","12","30","100","12","15","0","0","0","0"
"306EMar1808","1079","33","84","75","31","39","98","5","0","0","0","0","0"
"306EMar1808","1080","33","18","41","11","40","100","9","0","0","0","0","0"
"306EMar1808","1081","33","18","41","11","40","100","4","0","0","0","0","0"
"306EMar1808","1082","31","16","87","21","49","98","5","0","0","0","0","0"
"306EMar1808","1083","31","16","87","21","49","98","10","0","0","0","0","0"
"306EMar1808","1084","31","18","41","11","50","100","8","0","0","0","0","0"
"306EMar1808","1085","31","7","34","12","50","100","9","0","0","0","0","0"
"306ENov1808","1077","35","90","84","31","26","87","15","30","0","0","0","0"
"306ENov1808","1078","35","26","92","12","28","93","20","0","0","0","0","0"
"306ENov1808","1079","33","90","84","31","30","74","13","0","0","0","0","0"
"306ENov1808","1080","33","28","43","11","38","96","17","0","0","0","0","0"
"306ENov1808","1081","33","28","43","11","39","98","12","0","0","0","0","0"
"306ENov1808","1082","31","20","97","21","44","89","13","0","0","0","0","0"
"306ENov1808","1083","31","20","97","21","45","90","18","0","0","0","0","0"
"306ENov1808","1084","31","28","43","11","48","96","16","0","0","0","0","0"
"306ENov1808","1085","31","77","94","0","43","87","17","0","0","0","0","0"
"306EOct1808","1077","35","90","84","0","26","87","14","0","0","0","0","0"
"306EOct1808","1079","33","90","84","31","30","74","12","0","0","0","0","0"
"306EOct1808","1085","31","77","94","0","43","87","16","0","0","0","0","0"
"307EApr1808","1169","35","13","19","0","29","97","4","0","0","0","0","0"
"307EApr1808","1170","35","8","47","17","29","98","8","0","0","0","0","0"
"307EApr1808","1171","35","25","22","21","29","96","9","0","0","0","0","0"
"307EApr1808","1172","35","18","91","12","29","98","21","44","680","45","0","0"
"307EApr1808","1173","35","9","46","0","30","100","15","0","0","0","0","0"
"307EApr1808","1174","35","38","53","0","30","100","5","0","0","0","0","0"
"307EApr1808","1175","33","18","91","12","39","98","9","45","0","0","0","0"
"307EApr1808","1176","33","25","22","21","38","94","12","0","0","0","0","0"
"307EApr1808","1177","33","38","51","0","37","92","10","0","0","0","0","0"
"307EApr1808","1178","33","13","19","0","39","97","7","0","0","0","0","0"
"307EApr1808","1179","33","13","19","0","39","97","17","0","0","0","0","0"
"307EApr1808","1180","33","13","19","15","40","100","6","30","0","0","0","0"
"307EApr1808","1181","33","56","79","0","40","100","12","0","0","0","0","0"
"307EApr1808","1182","31","18","91","12","49","99","19","0","0","0","0","0"
"307EApr1808","1183","31","13","19","0","47","95","7","0","0","0","0","0"
"307EApr1808","1184","31","25","22","21","46","93","9","0","0","0","0","0"
"307EApr1808","1185","31","13","19","0","48","96","5","0","0","0","0","0"
"307EApr1808","1186","31","13","19","0","47","95","4","0","0","0","0","0"
"307EApr1808","1187","31","18","91","12","49","98","9","0","0","0","0","0"
"307EApr1808","1188","31","18","91","12","49","98","10","0","0","0","0","0"
"307EApr1808","1189","31","25","22","21","47","95","8","0","0","0","0","0"
"307EApr1808","1190","31","56","79","0","50","100","6","0","0","0","0","0"
"307EApr1808","1191","31","13","19","0","48","97","13","0","0","0","0","0"
"307EApr1808","1192","31","23","20","0","50","100","9","0","0","0","0","0"
"307EApr1809","1019","35","56","79","0","30","100","2","0","0","0","0","0"
"307EApr1809","1169","35","82","89","27","27","89","16","0","0","0","0","0"
"307EApr1809","1170","35","23","20","29","26","86","20","0","0","0","0","0"
"307EApr1809","1171","35","62","88","21","24","81","21","0","0","0","0","0"
"307EApr1809","1172","35","13","74","12","25","85","33","44","0","0","0","0"
"307EApr1809","1173","35","23","20","24","29","98","27","0","0","0","0","0"
"307EApr1809","1174","35","38","53","0","26","86","17","0","0","0","0","0"
"307EApr1809","1175","33","31","92","25","36","91","21","16","0","0","0","0"
"307EApr1809","1176","33","62","88","21","31","78","24","0","0","0","0","0"
"307EApr1809","1177","33","38","53","0","32","81","22","0","0","0","0","0"
"307EApr1809","1178","33","23","20","24","39","98","19","0","0","0","0","0"
"307EApr1809","1179","33","23","20","24","39","98","29","0","0","0","0","0"
"307EApr1809","1180","33","23","20","24","39","97","18","0","0","0","0","0"
"307EApr1809","1181","33","24","77","23","37","92","24","0","0","0","0","0"
"307EApr1809","1182","31","31","92","25","45","91","31","16","0","0","0","0"
"307EApr1809","1183","31","23","20","24","48","96","19","0","0","0","0","0"
"307EApr1809","1184","31","23","20","29","41","82","21","0","0","0","0","0"
"307EApr1809","1185","31","23","20","24","49","98","17","0","0","0","0","0"
"307EApr1809","1186","31","9","84","0","35","71","16","0","0","0","0","0"
"307EApr1809","1187","31","31","92","25","45","91","21","16","0","0","0","0"
"307EApr1809","1188","31","31","92","25","45","91","22","0","0","0","0","0"
"307EApr1809","1189","31","23","20","24","48","97","20","0","0","0","0","0"
"307EApr1809","1190","31","39","94","0","41","82","18","13","0","0","0","0"
"307EApr1809","1191","31","23","20","24","49","98","25","0","0","0","0","0"
"307EApr1809","1192","31","23","20","0","42","84","21","0","0","0","0","0"
"307EApr1809","1349","31","23","20","24","48","97","24","0","0","0","0","0"
"307EAug1808","1169","35","90","92","27","28","95","8","45","0","0","0","0"
"307EAug1808","1170","35","24","20","29","28","94","12","22","330","36","0","0"
"307EAug1808","1171","35","51","86","21","27","90","13","27","0","0","0","0"
"307EAug1808","1172","35","18","91","12","28","94","25","44","0","0","0","0"
"307EAug1808","1173","35","1","29","18","30","99","19","0","0","0","0","0"
"307EAug1808","1175","33","18","91","12","37","93","13","0","0","0","0","0"
"307EAug1808","1176","33","51","86","21","35","88","16","27","0","0","0","0"
"307EAug1808","1178","33","1","44","25","37","92","11","0","0","0","0","0"
"307EAug1808","1179","33","62","88","24","37","92","21","0","0","0","0","0"
"307EAug1808","1180","33","1","44","15","38","94","10","0","0","0","0","0"
"307EAug1808","1181","33","14","82","23","38","94","16","0","0","0","0","0"
"307EAug1808","1182","31","18","91","12","46","93","23","0","0","0","0","0"
"307EAug1808","1183","31","1","44","25","45","90","11","0","0","0","0","0"
"307EAug1808","1184","31","24","20","29","44","89","13","36","0","0","0","0"
"307EAug1808","1185","31","62","88","24","46","93","9","0","0","0","0","0"
"307EAug1808","1186","31","31","92","16","43","87","8","0","0","0","0","0"
"307EAug1808","1187","31","18","91","12","46","93","13","0","0","0","0","0"
"307EAug1808","1188","31","18","91","12","47","94","14","0","0","0","0","0"
"307EAug1808","1189","31","24","20","29","46","92","12","36","0","0","0","0"
"307EAug1808","1190","31","24","20","29","48","96","10","36","0","0","0","0"
"307EAug1808","1191","31","62","88","24","46","93","17","0","0","0","0","0"
"307EAug1808","1192","31","28","20","0","48","97","13","0","0","0","0","1280342"
"307EDec1808","1169","35","82","88","27","27","89","12","0","0","0","0","0"
"307EDec1808","1170","35","18","21","29","27","90","16","20","0","0","0","0"
"307EDec1808","1171","35","62","88","21","24","81","17","0","0","0","0","0"
"307EDec1808","1172","35","24","77","12","27","91","29","0","0","0","0","0"
"307EDec1808","1173","35","15","14","15","29","96","23","0","0","0","0","0"
"307EDec1808","1174","35","47","47","0","29","96","13","0","0","0","0","0"
"307EDec1808","1175","33","24","77","25","37","92","17","0","0","0","0","0"
"307EDec1808","1176","33","62","88","21","31","78","20","0","0","0","0","0"
"307EDec1808","1177","33","30","49","0","35","88","18","0","0","0","0","0"
"307EDec1808","1178","33","15","14","15","36","90","15","0","0","0","0","0"
"307EDec1808","1179","33","15","14","24","35","87","25","0","0","0","0","0"
"307EDec1808","1180","33","15","14","15","36","91","14","0","0","0","0","0"
"307EDec1808","1181","33","24","77","23","37","92","20","0","0","0","0","0"
"307EDec1808","1182","31","24","77","25","46","92","27","0","0","0","0","0"
"307EDec1808","1183","31","15","14","15","43","86","15","0","0","0","0","0"
"307EDec1808","1184","31","18","21","29","42","85","17","20","0","0","0","0"
"307EDec1808","1185","31","15","14","24","44","88","13","0","0","0","0","0"
"307EDec1808","1186","31","9","84","0","35","71","12","0","0","0","0","850988"
"307EDec1808","1187","31","24","77","25","46","92","17","0","0","0","0","0"
"307EDec1808","1188","31","24","77","25","46","92","18","0","0","0","0","0"
"307EDec1808","1189","31","18","21","29","44","89","16","0","0","0","0","0"
"307EDec1808","1190","31","40","80","0","45","90","14","13","0","0","0","0"
"307EDec1808","1191","31","15","14","24","44","88","21","0","0","0","0","0"
"307EDec1808","1192","31","28","20","0","45","91","17","0","0","0","0","4788032"
"307EDec1808","1349","31","15","14","24","36","73","20","0","0","0","0","0"
"307EFeb1809","1169","35","82","88","27","27","89","14","0","0","0","0","0"
"307EFeb1809","1170","35","13","20","29","26","88","18","0","0","0","0","0"
"307EFeb1809","1171","35","62","88","21","24","81","19","0","0","0","0","0"
"307EFeb1809","1172","35","24","77","12","26","86","31","44","0","0","0","0"
"307EFeb1809","1173","35","23","20","24","22","73","25","0","0","0","0","0"
"307EFeb1809","1174","35","35","40","0","26","88","15","0","0","0","0","1982362"
"307EFeb1809","1175","33","24","77","25","37","92","19","0","0","0","0","0"
"307EFeb1809","1176","33","62","88","21","31","78","22","0","0","0","0","0"
"307EFeb1809","1177","33","38","53","0","32","81","20","0","0","0","0","0"
"307EFeb1809","1178","33","23","20","24","27","68","17","0","0","0","0","0"
"307EFeb1809","1179","33","23","20","24","26","64","27","0","0","0","0","0"
"307EFeb1809","1180","33","23","20","24","27","68","16","0","0","0","0","0"
"307EFeb1809","1181","33","24","77","23","37","92","22","0","0","0","0","0"
"307EFeb1809","1182","31","24","77","25","46","92","29","0","0","0","0","0"
"307EFeb1809","1183","31","23","20","24","31","62","17","0","0","0","0","0"
"307EFeb1809","1184","31","13","20","29","42","84","19","0","0","0","0","0"
"307EFeb1809","1185","31","23","20","24","32","64","15","0","0","0","0","0"
"307EFeb1809","1186","31","9","84","0","35","71","14","0","0","0","0","0"
"307EFeb1809","1187","31","24","77","25","46","92","19","0","0","0","0","0"
"307EFeb1809","1188","31","24","77","25","46","92","20","0","0","0","0","0"
"307EFeb1809","1189","31","23","20","24","43","87","18","0","0","0","0","0"
"307EFeb1809","1190","31","24","77","0","44","88","16","13","0","0","0","0"
"307EFeb1809","1191","31","23","20","24","32","65","23","0","0","0","0","0"
"307EFeb1809","1192","31","28","20","0","43","86","19","0","0","0","0","1610536"
"307EFeb1809","1349","31","23","20","24","25","50","22","0","0","0","0","0"
"307EJan1808","1169","35","22","11","0","30","100","1","0","0","0","0","0"
"307EJan1808","1170","35","38","53","0","30","100","5","0","0","0","0","0"
"307EJan1808","1171","35","22","11","0","30","100","6","0","0","0","0","0"
"307EJan1808","1172","35","24","77","0","30","100","18","0","0","0","0","0"
"307EJan1808","1173","35","9","46","0","30","100","12","0","0","0","0","0"
"307EJan1808","1174","35","38","53","0","30","100","2","0","0","0","0","0"
"307EJan1808","1175","33","24","77","0","40","100","6","0","0","0","0","0"
"307EJan1808","1176","33","22","11","0","40","100","9","0","0","0","0","0"
"307EJan1808","1177","33","47","47","0","40","100","7","0","0","0","0","0"
"307EJan1808","1178","33","9","46","0","40","100","4","0","0","0","0","0"
"307EJan1808","1179","33","9","46","0","40","100","14","0","0","0","0","0"
"307EJan1808","1180","33","13","19","0","40","100","3","0","0","0","0","0"
"307EJan1808","1181","33","56","79","0","40","100","9","0","0","0","0","0"
"307EJan1808","1182","31","24","77","0","50","100","16","0","0","0","0","0"
"307EJan1808","1183","31","23","20","0","50","100","4","0","0","0","0","0"
"307EJan1808","1184","31","22","11","0","50","100","6","0","0","0","0","0"
"307EJan1808","1185","31","23","20","0","50","100","2","0","0","0","0","0"
"307EJan1808","1186","31","23","20","0","50","100","1","0","0","0","0","0"
"307EJan1808","1187","31","24","77","0","50","100","6","0","0","0","0","0"
"307EJan1808","1188","31","24","77","0","50","100","7","0","0","0","0","0"
"307EJan1808","1189","31","22","11","0","50","100","5","0","0","0","0","0"
"307EJan1808","1190","31","56","79","0","50","100","3","0","0","0","0","0"
"307EJan1808","1191","31","23","20","0","50","100","10","0","0","0","0","0"
"307EJan1808","1192","31","23","20","0","50","100","6","0","0","0","0","0"
"307EJan1809","1169","35","82","88","27","27","89","13","0","0","0","0","0"
"307EJan1809","1170","35","18","21","29","27","90","17","20","0","0","0","0"
"307EJan1809","1171","35","62","88","21","24","81","18","0","0","0","0","0"
"307EJan1809","1172","35","17","73","12","27","90","30","44","0","0","0","0"
"307EJan1809","1173","35","18","21","24","22","75","24","0","0","0","0","0"
"307EJan1809","1174","35","47","47","0","29","96","14","0","0","0","0","0"
"307EJan1809","1175","33","24","77","25","37","92","18","0","0","0","0","0"
"307EJan1809","1176","33","62","88","21","31","78","21","0","0","0","0","0"
"307EJan1809","1177","33","30","49","0","35","88","19","0","0","0","0","0"
"307EJan1809","1178","33","18","21","24","28","69","16","0","0","0","0","0"
"307EJan1809","1179","33","18","21","24","26","66","26","0","0","0","0","0"
"307EJan1809","1180","33","18","21","24","28","69","15","0","0","0","0","0"
"307EJan1809","1181","33","24","77","23","37","92","21","0","0","0","0","0"
"307EJan1809","1182","31","24","77","25","46","92","28","0","0","0","0","0"
"307EJan1809","1183","31","18","21","24","32","64","16","0","0","0","0","0"
"307EJan1809","1184","31","18","21","29","42","85","18","20","0","0","0","0"
"307EJan1809","1185","31","18","21","24","33","66","14","0","0","0","0","0"
"307EJan1809","1186","31","9","84","0","35","71","13","0","0","0","0","0"
"307EJan1809","1187","31","24","77","25","46","92","18","0","0","0","0","0"
"307EJan1809","1188","31","24","77","25","46","92","19","0","0","0","0","0"
"307EJan1809","1189","31","18","21","29","44","89","17","0","0","0","0","0"
"307EJan1809","1190","31","24","77","0","44","88","15","13","0","0","0","0"
"307EJan1809","1191","31","18","21","24","33","66","22","0","0","0","0","0"
"307EJan1809","1192","31","23","20","0","44","89","18","0","0","0","0","0"
"307EJan1809","1349","31","18","21","24","26","52","21","0","0","0","0","0"
"307EJul1808","1169","35","40","79","27","29","96","7","45","0","0","0","0"
"307EJul1808","1172","35","33","92","12","28","95","24","0","0","0","0","0"
"307EJul1808","1175","33","33","92","12","38","95","12","0","0","0","0","0"
"307EJul1808","1178","33","57","86","25","38","94","10","0","0","0","0","0"
"307EJul1808","1179","33","73","78","24","37","93","20","0","0","0","0","0"
"307EJul1808","1180","33","56","79","15","38","96","9","0","0","0","0","0"
"307EJul1808","1181","33","40","79","23","38","96","15","8","0","0","0","0"
"307EJul1808","1182","31","33","92","12","47","95","22","0","0","0","0","0"
"307EJul1808","1183","31","57","86","25","45","91","10","0","0","0","0","0"
"307EJul1808","1185","31","73","78","24","47","94","8","0","0","0","0","0"
"307EJul1808","1186","31","32","81","16","44","88","7","16","0","0","0","0"
"307EJul1808","1187","31","33","92","12","47","95","12","0","0","0","0","0"
"307EJul1808","1188","31","33","92","12","47","95","13","0","0","0","0","0"
"307EJul1808","1191","31","73","78","24","47","95","16","0","0","0","0","0"
"307EJul1809","1019","35","13","19","0","29","97","5","0","0","0","0","0"
"307EJul1809","1117","33","81","94","0","20","51","19","0","0","0","0","0"
"307EJul1809","1169","35","81","89","27","26","88","19","0","0","0","0","0"
"307EJul1809","1170","35","23","20","29","26","86","23","0","0","0","0","0"
"307EJul1809","1171","35","12","20","21","22","74","24","0","0","0","0","0"
"307EJul1809","1172","35","13","74","12","25","85","36","44","0","0","0","0"
"307EJul1809","1173","35","22","24","24","28","95","30","47","0","0","0","0"
"307EJul1809","1174","35","38","53","0","24","80","20","0","0","0","0","0"
"307EJul1809","1175","33","24","77","25","35","88","24","0","0","0","0","0"
"307EJul1809","1176","33","12","20","21","28","71","27","0","0","0","0","0"
"307EJul1809","1177","33","38","53","0","32","81","25","0","0","0","0","0"
"307EJul1809","1178","33","22","24","24","38","95","22","47","497","56","0","0"
"307EJul1809","1179","33","22","24","24","38","95","32","56","246","65","0","0"
"307EJul1809","1180","33","22","24","24","38","95","21","65","0","0","0","0"
"307EJul1809","1181","33","13","19","23","36","90","27","0","0","0","0","0"
"307EJul1809","1182","31","24","77","25","44","88","34","0","0","0","0","0"
"307EJul1809","1183","31","22","24","24","46","93","22","65","244","74","0","0"
"307EJul1809","1184","31","23","20","29","41","82","24","0","0","0","0","0"
"307EJul1809","1185","31","22","24","24","47","95","20","74","0","0","0","0"
"307EJul1809","1186","31","24","77","0","35","70","19","0","0","0","0","0"
"307EJul1809","1187","31","24","77","25","43","87","24","0","0","0","0","0"
"307EJul1809","1188","31","24","77","25","44","89","25","0","0","0","0","0"
"307EJul1809","1189","31","22","24","24","46","93","23","74","0","0","0","0"
"307EJul1809","1190","31","62","88","0","32","64","21","0","0","0","0","2869508"
"307EJul1809","1191","31","22","24","24","47","94","28","74","0","0","0","0"
"307EJul1809","1192","31","23","20","0","42","84","24","0","0","0","0","0"
"307EJul1809","1328","31","13","19","0","36","72","21","0","0","0","0","0"
"307EJul1809","1349","31","22","24","24","47","95","27","0","0","0","0","0"
"307EJun1808","1178","33","51","81","25","38","95","9","15","0","0","0","0"
"307EJun1808","1179","33","51","89","24","38","95","19","38","0","0","0","0"
"307EJun1808","1183","31","51","81","25","46","93","9","15","0","0","0","0"
"307EJun1808","1185","31","51","89","24","47","95","7","38","0","0","0","0"
"307EJun1808","1191","31","51","89","24","48","96","15","38","0","0","0","0"
"307EMar1808","1169","35","15","22","0","29","98","3","0","0","0","0","0"
"307EMar1808","1170","35","38","53","0","30","100","7","0","0","0","0","0"
"307EMar1808","1171","35","25","22","0","29","96","8","0","0","0","0","0"
"307EMar1808","1172","35","24","77","12","30","100","20","44","680","45","0","0"
"307EMar1808","1173","35","9","46","0","30","100","14","0","0","0","0","0"
"307EMar1808","1174","35","38","53","0","30","100","4","0","0","0","0","0"
"307EMar1808","1175","33","24","77","12","40","100","8","45","0","0","0","0"
"307EMar1808","1176","33","25","22","0","38","94","11","0","0","0","0","0"
"307EMar1808","1177","33","47","47","0","40","100","9","0","0","0","0","0"
"307EMar1808","1178","33","9","46","0","40","100","6","0","0","0","0","0"
"307EMar1808","1179","33","9","46","0","40","100","16","0","0","0","0","0"
"307EMar1808","1180","33","13","19","15","40","100","5","0","0","0","0","0"
"307EMar1808","1181","33","56","79","0","40","100","11","0","0","0","0","0"
"307EMar1808","1182","31","24","77","12","50","100","18","0","0","0","0","0"
"307EMar1808","1183","31","16","22","0","49","98","6","0","0","0","0","0"
"307EMar1808","1184","31","25","22","0","46","93","8","0","0","0","0","0"
"307EMar1808","1185","31","16","22","0","49","98","4","0","0","0","0","0"
"307EMar1808","1186","31","16","22","0","48","97","3","0","0","0","0","0"
"307EMar1808","1187","31","24","77","12","50","100","8","0","0","0","0","0"
"307EMar1808","1188","31","24","77","12","50","100","9","0","0","0","0","0"
"307EMar1808","1189","31","25","22","0","47","95","7","0","0","0","0","0"
"307EMar1808","1190","31","56","79","0","50","100","5","0","0","0","0","0"
"307EMar1808","1191","31","16","22","0","49","99","12","0","0","0","0","0"
"307EMar1808","1192","31","23","20","0","50","100","8","0","0","0","0","0"
"307EMay1808","1169","35","13","19","0","29","97","5","0","0","0","0","0"
"307EMay1808","1170","35","13","19","17","29","96","9","0","0","0","0","0"
"307EMay1808","1171","35","13","19","21","28","94","10","0","0","0","0","0"
"307EMay1808","1172","35","18","91","12","29","98","22","0","680","45","0","0"
"307EMay1808","1173","35","9","46","0","30","100","16","0","0","0","0","0"
"307EMay1808","1174","35","58","60","0","29","98","6","0","0","0","0","1363573"
"307EMay1808","1175","33","18","91","12","39","98","10","45","0","0","0","0"
"307EMay1808","1176","33","13","19","21","37","92","13","0","0","0","0","0"
"307EMay1808","1177","33","38","53","0","36","90","11","0","0","0","0","0"
"307EMay1808","1178","33","13","19","25","39","97","8","15","0","0","0","0"
"307EMay1808","1179","33","13","19","24","39","97","18","38","0","0","0","0"
"307EMay1808","1180","33","51","81","15","40","99","7","30","0","0","0","0"
"307EMay1808","1181","33","1","41","23","39","98","13","0","0","0","0","0"
"307EMay1808","1182","31","18","91","12","49","99","20","0","0","0","0","0"
"307EMay1808","1183","31","13","19","25","47","95","8","15","0","0","0","0"
"307EMay1808","1184","31","13","19","21","45","91","10","0","0","0","0","0"
"307EMay1808","1185","31","13","19","24","48","96","6","38","0","0","0","0"
"307EMay1808","1186","31","13","19","16","47","95","5","16","0","0","0","0"
"307EMay1808","1187","31","18","91","12","49","98","10","0","0","0","0","0"
"307EMay1808","1188","31","18","91","12","49","98","11","0","0","0","0","0"
"307EMay1808","1189","31","13","19","21","46","93","9","0","0","0","0","0"
"307EMay1808","1190","31","1","41","23","49","98","7","0","0","0","0","0"
"307EMay1808","1191","31","13","19","24","48","97","14","38","0","0","0","0"
"307EMay1808","1192","31","23","20","0","50","100","10","0","0","0","0","0"
"307EMay1809","1019","35","1","41","0","30","99","3","29","80","21","0","0"
"307EMay1809","1169","35","82","89","27","27","89","17","0","0","0","0","0"
"307EMay1809","1170","35","23","20","29","26","86","21","0","0","0","0","0"
"307EMay1809","1171","35","62","88","21","24","81","22","0","0","0","0","0"
"307EMay1809","1172","35","13","74","12","25","85","34","0","0","0","0","0"
"307EMay1809","1173","35","37","13","24","29","97","28","47","0","0","0","0"
"307EMay1809","1174","35","35","40","0","25","83","18","0","0","0","0","4038754"
"307EMay1809","1175","33","12","74","25","36","90","22","0","0","0","0","0"
"307EMay1809","1176","33","62","88","21","31","78","25","0","0","0","0","0"
"307EMay1809","1177","33","38","53","0","32","81","23","0","0","0","0","0"
"307EMay1809","1178","33","37","13","24","39","97","20","47","495","56","0","0"
"307EMay1809","1179","33","37","13","24","38","96","30","56","242","65","0","0"
"307EMay1809","1180","33","37","13","24","38","96","19","65","0","0","0","0"
"307EMay1809","1181","33","24","77","23","37","92","25","0","0","0","0","0"
"307EMay1809","1182","31","12","74","25","44","89","32","0","0","0","0","0"
"307EMay1809","1183","31","37","13","24","47","95","20","65","238","74","0","0"
"307EMay1809","1184","31","23","20","29","41","82","22","0","0","0","0","0"
"307EMay1809","1185","31","37","13","24","48","97","18","74","0","0","0","0"
"307EMay1809","1186","31","9","84","0","35","71","17","0","0","0","0","0"
"307EMay1809","1187","31","12","74","25","44","89","22","0","0","0","0","0"
"307EMay1809","1188","31","12","74","25","45","90","23","0","0","0","0","0"
"307EMay1809","1189","31","37","13","24","47","95","21","74","0","0","0","0"
"307EMay1809","1190","31","39","88","0","40","80","19","13","0","0","0","0"
"307EMay1809","1191","31","37","13","24","48","96","26","74","0","0","0","0"
"307EMay1809","1192","31","23","20","0","42","84","22","0","0","0","0","0"
"307EMay1809","1328","31","14","19","0","37","74","19","0","0","0","0","0"
"307EMay1809","1349","31","37","13","24","48","96","25","0","0","0","0","0"
"307ENov1808","1169","35","75","91","27","27","91","11","0","0","0","0","0"
"307ENov1808","1170","35","23","20","29","27","91","15","0","0","0","0","0"
"307ENov1808","1171","35","62","88","21","24","81","16","0","0","0","0","0"
"307ENov1808","1172","35","24","77","12","27","91","28","0","0","0","0","0"
"307ENov1808","1173","35","18","21","15","29","98","22","1","0","0","0","0"
"307ENov1808","1174","35","47","47","0","29","96","12","0","0","0","0","0"
"307ENov1808","1175","33","24","77","25","37","92","16","0","0","0","0","0"
"307ENov1808","1176","33","62","88","21","31","78","19","0","0","0","0","0"
"307ENov1808","1177","33","30","49","0","35","88","17","0","0","0","0","0"
"307ENov1808","1178","33","18","21","15","36","91","14","1","0","0","0","0"
"307ENov1808","1179","33","18","21","24","35","88","24","4","384","5","0","0"
"307ENov1808","1180","33","18","21","15","37","92","13","1","0","0","0","0"
"307ENov1808","1181","33","24","77","23","37","92","19","0","0","0","0","0"
"307ENov1808","1182","31","24","77","25","46","92","26","0","0","0","0","0"
"307ENov1808","1183","31","18","21","15","44","88","14","1","0","0","0","0"
"307ENov1808","1184","31","23","20","29","43","86","16","0","0","0","0","0"
"307ENov1808","1185","31","18","21","24","44","89","12","5","0","0","0","0"
"307ENov1808","1186","31","24","77","16","43","86","11","0","0","0","0","0"
"307ENov1808","1187","31","24","77","25","46","92","16","0","0","0","0","0"
"307ENov1808","1188","31","24","77","25","46","92","17","0","0","0","0","0"
"307ENov1808","1189","31","23","20","29","45","90","15","0","0","0","0","0"
"307ENov1808","1190","31","23","20","29","46","93","13","0","0","0","0","0"
"307ENov1808","1191","31","18","21","24","44","89","20","5","0","0","0","0"
"307ENov1808","1192","31","23","20","0","46","92","16","0","0","0","0","0"
"307ENov1808","1349","31","18","21","24","37","75","19","5","0","0","0","0"
"307ENov1809","1019","35","13","19","21","29","97","9","8","0","0","0","0"
"307ENov1809","1117","33","81","88","27","19","47","23","0","0","0","0","0"
"307ENov1809","1169","35","81","88","27","25","84","23","0","0","0","0","0"
"307ENov1809","1170","35","23","20","16","26","86","27","13","100","20","0","0"
"307ENov1809","1171","35","13","19","21","22","72","28","8","383","88","0","0"
"307ENov1809","1172","35","60","99","12","24","80","40","44","0","0","0","0"
"307ENov1809","1173","35","23","20","11","25","85","34","95","0","0","0","0"
"307ENov1809","1175","33","39","90","25","34","85","28","45","0","0","0","0"
"307ENov1809","1176","33","13","19","21","28","70","31","88","85","4","0","0"
"307ENov1809","1177","33","38","53","13","32","81","29","0","0","0","0","0"
"307ENov1809","1178","33","23","20","11","34","84","26","95","130","82","0","0"
"307ENov1809","1179","33","23","20","11","34","85","36","82","0","0","0","0"
"307ENov1809","1180","33","23","20","11","34","84","25","82","10","81","0","0"
"307ENov1809","1181","33","13","19","21","35","87","31","4","0","0","0","0"
"307ENov1809","1182","31","39","90","25","43","86","38","45","0","0","0","0"
"307ENov1809","1183","31","23","20","11","40","80","26","81","0","0","0","0"
"307ENov1809","1184","31","23","20","11","39","78","28","81","0","0","0","0"
"307ENov1809","1185","31","23","20","11","41","83","24","81","0","0","0","0"
"307ENov1809","1186","31","1","20","17","34","69","23","0","0","0","0","0"
"307ENov1809","1187","31","39","90","25","42","84","28","45","0","0","0","0"
"307ENov1809","1188","31","39","90","25","43","86","29","45","0","0","0","0"
"307ENov1809","1189","31","23","20","11","41","82","27","81","0","0","0","0"
"307ENov1809","1190","31","62","88","0","32","64","25","21","55","29","0","0"
"307ENov1809","1191","31","23","20","11","41","82","32","81","140","82","0","0"
"307ENov1809","1192","31","23","20","0","42","84","28","0","0","0","0","0"
"307ENov1809","1217","33","13","19","0","29","73","25","0","0","0","0","0"
"307ENov1809","1321","33","13","19","21","28","70","24","4","0","0","0","0"
"307ENov1809","1328","31","13","19","21","36","72","25","0","0","0","0","0"
"307ENov1809","1349","31","23","20","16","44","88","31","0","0","0","0","0"
"307EOct1808","1169","35","84","86","27","28","92","10","0","0","0","0","0"
"307EOct1808","1170","35","23","20","29","27","91","14","0","0","0","0","0"
"307EOct1808","1171","35","62","88","21","24","81","15","0","0","0","0","0"
"307EOct1808","1172","35","24","77","12","27","91","27","0","0","0","0","0"
"307EOct1808","1173","35","18","21","18","29","98","21","0","0","0","0","0"
"307EOct1808","1174","35","47","47","0","29","96","11","0","0","0","0","0"
"307EOct1808","1175","33","24","77","25","37","92","15","0","0","0","0","0"
"307EOct1808","1176","33","62","88","21","31","78","18","0","0","0","0","0"
"307EOct1808","1177","33","30","49","0","35","88","16","0","0","0","0","0"
"307EOct1808","1178","33","18","21","15","36","91","13","0","0","0","0","0"
"307EOct1808","1179","33","1","42","24","36","89","23","21","0","0","0","0"
"307EOct1808","1180","33","18","21","15","37","92","12","0","0","0","0","0"
"307EOct1808","1181","33","24","77","23","37","92","18","0","0","0","0","0"
"307EOct1808","1182","31","24","77","25","46","92","25","0","0","0","0","0"
"307EOct1808","1183","31","18","21","15","44","88","13","0","0","0","0","0"
"307EOct1808","1184","31","23","20","29","43","86","15","0","0","0","0","0"
"307EOct1808","1185","31","1","42","24","45","91","11","0","0","0","0","0"
"307EOct1808","1186","31","24","77","16","43","86","10","0","0","0","0","0"
"307EOct1808","1187","31","24","77","25","46","92","15","0","0","0","0","0"
"307EOct1808","1188","31","24","77","25","46","92","16","0","0","0","0","0"
"307EOct1808","1189","31","23","20","29","45","90","14","0","0","0","0","0"
"307EOct1808","1190","31","23","20","29","46","93","12","0","0","0","0","0"
"307EOct1808","1191","31","1","42","24","45","90","19","29","0","0","0","0"
"307EOct1808","1192","31","28","20","0","47","94","15","0","0","0","0","5212063"
"307EOct1808","1349","31","1","42","24","38","76","18","20","10","21","0","0"
"307EOct1809","1019","35","13","19","21","29","97","8","0","0","0","0","0"
"307EOct1809","1117","33","81","88","0","20","49","22","0","0","0","0","0"
"307EOct1809","1169","35","81","88","27","25","85","22","0","0","0","0","0"
"307EOct1809","1170","35","23","20","16","26","86","26","13","100","20","0","0"
"307EOct1809","1171","35","13","19","21","22","72","27","0","0","0","0","0"
"307EOct1809","1172","35","27","77","12","25","82","39","44","0","0","0","0"
"307EOct1809","1173","35","34","17","24","26","86","33","0","0","0","0","0"
"307EOct1809","1175","33","39","90","25","34","85","27","45","0","0","0","0"
"307EOct1809","1176","33","13","19","21","28","70","30","0","0","0","0","0"
"307EOct1809","1177","33","38","53","13","32","81","28","0","0","0","0","0"
"307EOct1809","1178","33","34","17","24","34","86","25","0","0","0","0","0"
"307EOct1809","1179","33","34","17","24","35","87","35","0","0","0","0","0"
"307EOct1809","1180","33","34","17","24","34","85","24","0","0","0","0","0"
"307EOct1809","1181","33","13","19","21","35","87","30","0","0","0","0","0"
"307EOct1809","1182","31","39","90","25","43","86","37","45","0","0","0","0"
"307EOct1809","1183","31","34","17","24","41","82","25","0","0","0","0","0"
"307EOct1809","1184","31","34","17","0","40","80","27","0","0","0","0","0"
"307EOct1809","1185","31","34","17","24","42","84","23","0","0","0","0","0"
"307EOct1809","1186","31","1","20","17","34","69","22","0","0","0","0","0"
"307EOct1809","1187","31","39","90","25","42","84","27","45","0","0","0","0"
"307EOct1809","1188","31","39","90","25","43","86","28","45","0","0","0","0"
"307EOct1809","1189","31","34","17","24","42","84","26","0","0","0","0","0"
"307EOct1809","1190","31","62","88","0","32","64","24","21","55","29","0","0"
"307EOct1809","1191","31","34","17","24","42","84","31","0","0","0","0","0"
"307EOct1809","1192","31","23","20","0","42","84","27","0","0","0","0","0"
"307EOct1809","1217","33","14","19","0","30","74","24","0","0","0","0","0"
"307EOct1809","1321","33","13","19","21","28","70","23","0","0","0","0","0"
"307EOct1809","1328","31","13","19","21","36","72","24","0","0","0","0","0"
"307EOct1809","1349","31","23","20","16","44","88","30","0","0","0","0","0"
"307ESep1808","1169","35","83","75","27","28","94","9","0","0","0","0","0"
"307ESep1808","1170","35","38","15","29","28","93","13","0","0","0","0","0"
"307ESep1808","1171","35","68","75","21","26","88","14","0","0","0","0","0"
"307ESep1808","1172","35","16","73","12","28","93","26","0","0","0","0","0"
"307ESep1808","1173","35","18","21","18","29","98","20","0","0","0","0","0"
"307ESep1808","1174","35","56","57","0","29","97","10","0","0","0","0","1363573"
"307ESep1808","1175","33","24","77","25","37","92","14","0","0","0","0","0"
"307ESep1808","1176","33","68","75","21","34","86","17","0","0","0","0","0"
"307ESep1808","1177","33","38","53","0","36","90","15","0","0","0","0","0"
"307ESep1808","1178","33","18","21","15","36","91","12","0","0","0","0","0"
"307ESep1808","1179","33","56","91","24","36","91","22","21","0","0","0","0"
"307ESep1808","1180","33","18","21","15","37","92","11","0","0","0","0","0"
"307ESep1808","1181","33","24","77","23","37","92","17","0","0","0","0","0"
"307ESep1808","1182","31","24","77","25","46","92","24","0","0","0","0","0"
"307ESep1808","1183","31","18","21","15","44","88","12","0","0","0","0","0"
"307ESep1808","1184","31","38","15","29","43","87","14","0","0","0","0","0"
"307ESep1808","1185","31","56","91","24","46","92","10","0","0","0","0","0"
"307ESep1808","1186","31","24","77","16","43","86","9","0","0","0","0","0"
"307ESep1808","1187","31","24","77","25","46","92","14","0","0","0","0","0"
"307ESep1808","1188","31","24","77","25","46","92","15","0","0","0","0","0"
"307ESep1808","1189","31","38","15","29","45","91","13","0","0","0","0","0"
"307ESep1808","1190","31","38","15","29","47","95","11","0","0","0","0","0"
"307ESep1808","1191","31","56","91","24","45","91","18","29","0","0","0","0"
"307ESep1808","1192","31","23","20","0","48","96","14","0","0","0","0","0"
"307ESep1808","1349","31","56","91","0","39","78","17","20","10","21","0","0"
"307ESep1809","1019","35","13","19","0","29","97","7","0","0","0","0","0"
"307ESep1809","1117","33","81","94","0","20","51","21","0","0","0","0","0"
"307ESep1809","1169","35","76","86","27","26","87","21","0","0","0","0","0"
"307ESep1809","1170","35","23","20","29","26","86","25","0","0","0","0","0"
"307ESep1809","1171","35","13","19","21","22","72","26","0","0","0","0","0"
"307ESep1809","1172","35","29","79","12","25","83","38","0","0","0","0","0"
"307ESep1809","1173","35","23","20","24","26","88","32","47","0","0","0","0"
"307ESep1809","1174","35","38","53","0","24","80","22","0","0","0","0","0"
"307ESep1809","1175","33","31","92","25","34","86","26","45","0","0","0","0"
"307ESep1809","1176","33","13","19","21","28","70","29","0","0","0","0","0"
"307ESep1809","1177","33","38","53","0","32","81","27","0","0","0","0","0"
"307ESep1809","1178","33","23","20","24","35","88","24","47","497","56","0","0"
"307ESep1809","1179","33","23","20","24","35","88","34","56","246","65","0","0"
"307ESep1809","1180","33","23","20","24","34","86","23","65","0","0","0","0"
"307ESep1809","1181","33","13","19","14","35","87","29","0","0","0","0","0"
"307ESep1809","1182","31","31","92","25","43","87","36","45","0","0","0","0"
"307ESep1809","1183","31","23","20","24","42","84","24","65","244","74","0","0"
"307ESep1809","1184","31","34","17","0","40","80","26","0","0","0","0","0"
"307ESep1809","1185","31","23","20","24","43","86","22","74","0","0","0","0"
"307ESep1809","1186","31","24","77","0","35","70","21","0","0","0","0","0"
"307ESep1809","1187","31","31","92","25","43","86","26","45","0","0","0","0"
"307ESep1809","1188","31","31","92","25","44","88","27","45","0","0","0","0"
"307ESep1809","1189","31","23","20","24","42","85","25","74","0","0","0","0"
"307ESep1809","1190","31","62","88","0","32","64","23","0","0","0","0","0"
"307ESep1809","1191","31","23","20","24","43","86","30","74","0","0","0","0"
"307ESep1809","1192","31","23","20","0","42","84","26","0","0","0","0","0"
"307ESep1809","1321","33","13","19","0","28","70","22","0","0","0","0","0"
"307ESep1809","1328","31","13","19","0","36","72","23","0","0","0","0","0"
"307ESep1809","1349","31","23","20","24","44","88","29","0","0","0","0","0"
"348BAug1809","1025","35","90","97","13","22","75","23","25","0","0","0","0"
"348BAug1809","1026","33","90","97","12","35","88","22","0","0","0","0","0"
"348BAug1809","1027","31","90","97","13","37","75","28","25","0","0","0","0"
"348BAug1809","1028","31","90","97","13","38","77","26","25","0","0","0","0"
"348BAug1809","1029","31","90","97","0","45","90","20","0","0","0","0","0"
"348BAug1809","1446","31","33","19","0","38","76","30","0","0","0","0","0"
"348BAug1809","1447","31","90","97","13","38","77","31","25","0","0","0","0"
"348BSep1809","1025","35","90","97","13","22","75","24","25","0","0","0","0"
"348BSep1809","1026","33","90","97","12","35","88","23","0","0","0","0","0"
"348BSep1809","1027","31","90","97","13","37","75","29","25","0","0","0","0"
"348BSep1809","1028","31","90","97","13","38","77","27","25","0","0","0","0"
"348BSep1809","1029","31","90","97","0","45","90","21","0","0","0","0","0"
"348BSep1809","1446","31","33","19","0","38","76","31","0","0","0","0","0"
"348BSep1809","1447","31","90","97","13","38","77","32","25","0","0","0","0"
"348EAug1809","1025","35","90","97","13","22","75","23","25","0","0","0","0"
"348EAug1809","1026","33","90","97","12","35","88","22","0","0","0","0","0"
"348EAug1809","1027","31","90","97","13","37","75","28","25","0","0","0","0"
"348EAug1809","1028","31","90","97","13","38","77","26","25","0","0","0","0"
"348EAug1809","1029","31","90","97","0","45","90","20","0","0","0","0","0"
"348EAug1809","1446","31","33","19","0","38","76","30","0","0","0","0","0"
"348EAug1809","1447","31","90","97","13","38","77","31","25","0","0","0","0"
"348ESep1809","1025","35","90","97","13","22","75","24","25","0","0","0","0"
"348ESep1809","1026","33","90","97","12","35","88","23","0","0","0","0","0"
"348ESep1809","1027","31","90","97","13","37","75","29","25","0","0","0","0"
"348ESep1809","1028","31","90","97","13","38","77","27","25","0","0","0","0"
"348ESep1809","1029","31","90","97","0","45","90","21","0","0","0","0","0"
"348ESep1809","1446","31","33","19","0","38","76","31","0","0","0","0","0"
"348ESep1809","1447","31","90","97","13","38","77","32","25","0","0","0","0"
"test","1077","35","18","41","0","30","100","6","0","0","0","0","0"
"test","1078","35","7","34","0","30","100","11","0","0","0","0","0"
"test","1079","33","90","84","31","40","100","4","28","0","0","0","0"
"test","1080","33","18","41","11","40","100","8","0","0","0","0","0"
"test","1081","33","18","41","11","40","100","3","0","0","0","0","0"
"test","1082","31","22","80","21","50","100","4","61","0","0","0","0"
"test","1083","31","22","80","21","50","100","9","0","0","0","0","0"
"test","1084","31","18","41","11","50","100","7","0","0","0","0","0"
"test","1085","31","7","34","0","50","100","8","0","0","0","0","0"
