"TurnId","ItemNo","Type","Name","X","Y","FleetNo","MP","Condition","Age","Marines","Brigade1","Brigade2"
"306EAug1808","1049","25","S. TRINIDAD    ","18","41","11","20","100","17","1100","4293","478"
"306EAug1808","1050","23","SANTA ANA      ","18","41","11","20","100","15","950","4581","600"
"306EAug1808","1051","23","RAYO           ","7","34","0","20","100","13","950","0","0"
"306EAug1808","1052","21","NEPTUNO        ","18","41","11","25","100","23","800","4581","197"
"306EAug1808","1053","19","SAN AUGUSTIN   ","18","41","11","30","100","16","700","4371","478"
"306EAug1808","1054","19","MONTANEZ       ","26","92","21","29","97","10","700","0","0"
"306EAug1808","1055","19","SAN JUSTO      ","7","34","0","30","100","18","700","0","0"
"306EAug1808","1056","19","BAHAMA         ","18","41","11","30","100","13","700","4383","500"
"306EAug1808","1057","19","MONARCO        ","90","84","31","22","74","14","700","0","0"
"306EAug1808","1058","17","SAN LEANDRO    ","7","34","0","30","100","21","600","0","0"
"306EAug1808","1059","17","SAN JUAN       ","18","41","11","30","100","16","600","4383","138"
"306EAug1808","1060","17","MONARCA        ","18","41","11","30","100","9","600","4539","400"
"306EAug1808","1061","15","CISNEROS       ","26","92","21","34","97","10","500","0","0"
"306EAug1808","1062","15","S.F. DE ASIS   ","18","41","11","34","96","8","500","4539","397"
"306EAug1808","1063","15","SAN OMBLIGOS   ","18","41","11","35","100","9","500","4552","400"
"306EAug1808","1064","13","CORDEZ         ","90","84","31","31","77","12","450","0","0"
"306EAug1808","1065","13","VESPUCCIO      ","18","41","11","40","100","14","450","4552","300"
"306EAug1808","1066","13","SANCHEZ        ","90","84","0","35","88","18","450","0","0"
"306EAug1808","1067","13","ARGONAUTA      ","26","92","12","36","91","20","450","0","0"
"306EAug1808","1068","11","LEONARDO       ","90","84","31","30","75","17","400","0","0"
"306EAug1808","1069","11","PHILLIPE       ","90","84","31","30","75","11","400","0","0"
"306EAug1808","1070","11","SAN ILDEFONSO  ","26","92","12","37","92","11","400","0","0"
"306EAug1808","1071","11","CORDOBA        ","18","41","11","40","100","13","400","4552","97"
"306EAug1808","1072","7","SAN JUSTO      ","18","41","11","44","97","12","350","4350","200"
"306EAug1808","1073","7","ESPANIA        ","26","92","21","43","96","13","350","0","0"
"306EAug1808","1074","5","LAREDO         ","26","92","21","44","97","14","250","0","0"
"306EAug1808","1075","1","CADEZ          ","24","77","0","46","92","17","250","0","0"
"306EAug1808","1076","1","MATRODIAS      ","83","75","0","37","75","15","250","0","0"
"306EDec1808","1069","11","PHILLIPE       ","90","84","31","30","75","15","400","4130","250"
"306EFeb1808","1049","25","S. TRINIDAD    ","18","41","0","20","100","11","1100","0","0"
"306EFeb1808","1050","23","SANTA ANA      ","18","41","0","20","100","9","950","0","0"
"306EFeb1808","1051","23","RAYO           ","7","34","0","20","100","7","950","0","0"
"306EFeb1808","1052","21","NEPTUNO        ","18","41","0","25","100","17","800","0","0"
"306EFeb1808","1053","19","SAN AUGUSTIN   ","18","41","0","30","100","10","700","0","0"
"306EFeb1808","1054","19","MONTANEZ       ","22","80","21","30","100","4","700","4161","500"
"306EFeb1808","1055","19","SAN JUSTO      ","7","34","0","30","100","12","700","0","0"
"306EFeb1808","1056","19","BAHAMA         ","18","41","0","30","100","7","700","0","0"
"306EFeb1808","1057","19","MONARCO        ","90","84","31","30","100","8","700","4128","500"
"306EFeb1808","1058","17","SAN LEANDRO    ","7","34","0","30","100","15","600","0","0"
"306EFeb1808","1059","17","SAN JUAN       ","18","41","0","30","100","10","600","0","0"
"306EFeb1808","1060","17","MONARCA        ","18","41","0","30","100","3","600","0","0"
"306EFeb1808","1061","15","CISNEROS       ","22","80","21","35","100","4","500","4161","400"
"306EFeb1808","1062","15","S.F. DE ASIS   ","18","41","11","35","100","2","500","0","0"
"306EFeb1808","1063","15","SAN OMBLIGOS   ","18","41","0","35","100","3","500","0","0"
"306EFeb1808","1064","13","CORDEZ         ","90","84","31","40","100","6","450","4128","300"
"306EFeb1808","1065","13","VESPUCCIO      ","18","41","0","40","100","8","450","0","0"
"306EFeb1808","1066","13","SANCHEZ        ","18","41","0","40","100","12","450","0","0"
"306EFeb1808","1067","13","ARGONAUTA      ","7","34","0","40","100","14","450","0","0"
"306EFeb1808","1068","11","LEONARDO       ","90","84","31","40","100","11","400","4128","250"
"306EFeb1808","1069","11","PHILLIPE       ","90","84","31","40","100","5","400","4128","250"
"306EFeb1808","1070","11","SAN ILDEFONSO  ","7","34","0","40","100","5","400","0","0"
"306EFeb1808","1071","11","CORDOBA        ","18","41","0","40","100","7","400","0","0"
"306EFeb1808","1072","7","SAN JUSTO      ","18","41","0","45","100","6","350","0","0"
"306EFeb1808","1073","7","ESPANIA        ","22","80","21","45","100","7","350","4161","200"
"306EFeb1808","1074","5","LAREDO         ","22","80","21","45","100","8","250","4161","150"
"306EFeb1808","1075","1","CADEZ          ","22","80","0","50","100","11","250","0","0"
"306EFeb1808","1076","1","MATRODIAS      ","7","34","0","50","100","9","250","0","0"
"306EFeb1809","1054","19","MONTANEZ       ","84","98","21","23","78","16","700","4134","500"
"306EFeb1809","1061","15","CISNEROS       ","84","98","21","28","80","16","500","4134","400"
"306EFeb1809","1073","7","ESPANIA        ","84","98","21","36","81","19","350","4134","200"
"306EFeb1809","1074","5","LAREDO         ","84","98","21","36","81","20","250","4134","150"
"306EFeb1809","1076","1","MATRODIAS      ","84","75","0","37","75","21","250","0","0"
"306EJan1808","1049","25","S. TRINIDAD    ","18","41","0","20","100","10","1100","0","0"
"306EJan1808","1050","23","SANTA ANA      ","18","41","0","20","100","8","950","0","0"
"306EJan1808","1051","23","RAYO           ","7","34","0","20","100","6","950","0","0"
"306EJan1808","1052","21","NEPTUNO        ","18","41","0","25","100","16","800","0","0"
"306EJan1808","1053","19","SAN AUGUSTIN   ","18","41","0","30","100","9","700","0","0"
"306EJan1808","1054","19","MONTANEZ       ","22","80","0","30","100","3","700","0","0"
"306EJan1808","1055","19","SAN JUSTO      ","7","34","0","30","100","11","700","0","0"
"306EJan1808","1056","19","BAHAMA         ","18","41","0","30","100","6","700","0","0"
"306EJan1808","1057","19","MONARCO        ","90","84","0","30","100","7","700","0","0"
"306EJan1808","1058","17","SAN LEANDRO    ","7","34","0","30","100","14","600","0","0"
"306EJan1808","1059","17","SAN JUAN       ","18","41","0","30","100","9","600","0","0"
"306EJan1808","1060","17","MONARCA        ","18","41","0","30","100","2","600","0","0"
"306EJan1808","1061","15","CISNEROS       ","22","80","0","35","100","3","500","0","0"
"306EJan1808","1062","15","S.F. DE ASIS   ","18","41","0","35","100","1","500","0","0"
"306EJan1808","1063","15","SAN OMBLIGOS   ","18","41","0","35","100","2","500","0","0"
"306EJan1808","1064","13","CORDEZ         ","90","84","0","40","100","5","450","0","0"
"306EJan1808","1065","13","VESPUCCIO      ","18","41","0","40","100","7","450","0","0"
"306EJan1808","1066","13","SANCHEZ        ","18","41","0","40","100","11","450","0","0"
"306EJan1808","1067","13","ARGONAUTA      ","7","34","0","40","100","13","450","0","0"
"306EJan1808","1068","11","LEONARDO       ","90","84","0","40","100","10","400","0","0"
"306EJan1808","1069","11","PHILLIPE       ","90","84","0","40","100","4","400","0","0"
"306EJan1808","1070","11","SAN ILDEFONSO  ","7","34","0","40","100","4","400","0","0"
"306EJan1808","1071","11","CORDOBA        ","18","41","0","40","100","6","400","0","0"
"306EJan1808","1072","7","SAN JUSTO      ","18","41","0","45","100","5","350","0","0"
"306EJan1808","1073","7","ESPANIA        ","22","80","0","45","100","6","350","0","0"
"306EJan1808","1074","5","LAREDO         ","22","80","0","45","100","7","250","0","0"
"306EJan1808","1075","1","CADEZ          ","22","80","0","50","100","10","250","0","0"
"306EJan1808","1076","1","MATRODIAS      ","7","34","0","50","100","8","250","0","0"
"306EJan1809","1069","11","PHILLIPE       ","84","74","31","30","74","16","400","0","0"
"306EJul1808","1049","25","S. TRINIDAD    ","18","41","13","20","100","16","1100","0","0"
"306EJul1808","1050","23","SANTA ANA      ","18","41","13","20","100","14","950","0","0"
"306EJul1808","1051","23","RAYO           ","7","34","0","20","100","12","950","0","0"
"306EJul1808","1052","21","NEPTUNO        ","18","41","13","25","100","22","800","0","0"
"306EJul1808","1053","19","SAN AUGUSTIN   ","18","41","0","30","100","15","700","0","0"
"306EJul1808","1054","19","MONTANEZ       ","26","92","21","29","97","9","700","0","0"
"306EJul1808","1055","19","SAN JUSTO      ","7","34","0","30","100","17","700","0","0"
"306EJul1808","1056","19","BAHAMA         ","18","41","13","30","100","12","700","0","0"
"306EJul1808","1057","19","MONARCO        ","90","84","31","22","74","13","700","0","0"
"306EJul1808","1058","17","SAN LEANDRO    ","7","34","0","30","100","20","600","0","0"
"306EJul1808","1059","17","SAN JUAN       ","18","41","0","30","100","15","600","0","0"
"306EJul1808","1060","17","MONARCA        ","18","41","0","30","100","8","600","0","0"
"306EJul1808","1061","15","CISNEROS       ","26","92","21","34","97","9","500","0","0"
"306EJul1808","1062","15","S.F. DE ASIS   ","18","41","11","34","96","7","500","0","0"
"306EJul1808","1063","15","SAN OMBLIGOS   ","18","41","0","35","100","8","500","0","0"
"306EJul1808","1064","13","CORDEZ         ","90","84","31","31","77","11","450","0","0"
"306EJul1808","1065","13","VESPUCCIO      ","18","41","0","40","100","13","450","0","0"
"306EJul1808","1066","13","SANCHEZ        ","90","84","0","35","88","17","450","0","0"
"306EJul1808","1067","13","ARGONAUTA      ","26","92","12","36","91","19","450","0","0"
"306EJul1808","1068","11","LEONARDO       ","90","84","31","30","75","16","400","0","0"
"306EJul1808","1069","11","PHILLIPE       ","90","84","31","30","75","10","400","0","0"
"306EJul1808","1070","11","SAN ILDEFONSO  ","26","92","12","37","92","10","400","0","0"
"306EJul1808","1071","11","CORDOBA        ","18","41","11","40","100","12","400","0","0"
"306EJul1808","1072","7","SAN JUSTO      ","18","41","11","44","97","11","350","0","0"
"306EJul1808","1073","7","ESPANIA        ","26","92","21","43","96","12","350","0","0"
"306EJul1808","1074","5","LAREDO         ","26","92","21","44","97","13","250","0","0"
"306EJul1808","1075","1","CADEZ          ","28","81","0","47","95","16","250","0","0"
"306EJul1808","1076","1","MATRODIAS      ","83","75","0","37","75","14","250","0","0"
"306EJun1808","1049","25","S. TRINIDAD    ","18","41","13","20","100","15","1100","0","0"
"306EJun1808","1050","23","SANTA ANA      ","18","41","13","20","100","13","950","0","0"
"306EJun1808","1051","23","RAYO           ","7","34","0","20","100","11","950","0","0"
"306EJun1808","1052","21","NEPTUNO        ","18","41","13","25","100","21","800","0","0"
"306EJun1808","1053","19","SAN AUGUSTIN   ","18","41","0","30","100","14","700","0","0"
"306EJun1808","1054","19","MONTANEZ       ","26","92","21","29","97","8","700","0","0"
"306EJun1808","1055","19","SAN JUSTO      ","7","34","0","30","100","16","700","0","0"
"306EJun1808","1056","19","BAHAMA         ","18","41","13","30","100","11","700","0","0"
"306EJun1808","1057","19","MONARCO        ","90","84","31","22","74","12","700","0","0"
"306EJun1808","1058","17","SAN LEANDRO    ","7","34","0","30","100","19","600","0","0"
"306EJun1808","1059","17","SAN JUAN       ","18","41","0","30","100","14","600","0","0"
"306EJun1808","1060","17","MONARCA        ","18","41","0","30","100","7","600","0","0"
"306EJun1808","1061","15","CISNEROS       ","26","92","21","34","97","8","500","0","0"
"306EJun1808","1062","15","S.F. DE ASIS   ","18","41","11","34","96","6","500","0","0"
"306EJun1808","1063","15","SAN OMBLIGOS   ","18","41","0","35","100","7","500","0","0"
"306EJun1808","1064","13","CORDEZ         ","90","84","31","31","77","10","450","0","0"
"306EJun1808","1065","13","VESPUCCIO      ","18","41","0","40","100","12","450","0","0"
"306EJun1808","1066","13","SANCHEZ        ","90","84","0","35","88","16","450","0","0"
"306EJun1808","1067","13","ARGONAUTA      ","22","80","12","37","93","18","450","4215","300"
"306EJun1808","1068","11","LEONARDO       ","90","84","31","30","75","15","400","0","0"
"306EJun1808","1069","11","PHILLIPE       ","90","84","31","30","75","9","400","0","0"
"306EJun1808","1070","11","SAN ILDEFONSO  ","22","80","12","38","94","9","400","4215","250"
"306EJun1808","1071","11","CORDOBA        ","18","41","0","40","100","11","400","0","0"
"306EJun1808","1072","7","SAN JUSTO      ","18","41","11","44","97","10","350","0","0"
"306EJun1808","1073","7","ESPANIA        ","26","92","21","43","96","11","350","0","0"
"306EJun1808","1074","5","LAREDO         ","26","92","21","44","97","12","250","0","0"
"306EJun1808","1075","1","CADEZ          ","28","81","0","47","95","15","250","0","0"
"306EJun1808","1076","1","MATRODIAS      ","83","75","0","37","75","13","250","0","0"
"306EMar1808","1049","25","S. TRINIDAD    ","18","41","13","20","100","12","1100","0","0"
"306EMar1808","1050","23","SANTA ANA      ","18","41","13","20","100","10","950","0","0"
"306EMar1808","1051","23","RAYO           ","7","34","0","20","100","8","950","0","0"
"306EMar1808","1052","21","NEPTUNO        ","18","41","13","25","100","18","800","0","0"
"306EMar1808","1053","19","SAN AUGUSTIN   ","18","41","0","30","100","11","700","0","0"
"306EMar1808","1054","19","MONTANEZ       ","16","87","21","30","99","5","700","0","0"
"306EMar1808","1055","19","SAN JUSTO      ","7","34","0","30","100","13","700","0","0"
"306EMar1808","1056","19","BAHAMA         ","18","41","13","30","100","8","700","0","0"
"306EMar1808","1057","19","MONARCO        ","84","75","31","29","98","9","700","0","0"
"306EMar1808","1058","17","SAN LEANDRO    ","7","34","0","30","100","16","600","0","0"
"306EMar1808","1059","17","SAN JUAN       ","18","41","0","30","100","11","600","0","0"
"306EMar1808","1060","17","MONARCA        ","18","41","0","30","100","4","600","0","0"
"306EMar1808","1061","15","CISNEROS       ","16","87","21","35","99","5","500","0","0"
"306EMar1808","1062","15","S.F. DE ASIS   ","18","41","11","35","100","3","500","4304","400"
"306EMar1808","1063","15","SAN OMBLIGOS   ","18","41","0","35","100","4","500","0","0"
"306EMar1808","1064","13","CORDEZ         ","84","75","31","40","99","7","450","0","0"
"306EMar1808","1065","13","VESPUCCIO      ","18","41","0","40","100","9","450","0","0"
"306EMar1808","1066","13","SANCHEZ        ","51","87","0","39","97","13","450","0","0"
"306EMar1808","1067","13","ARGONAUTA      ","7","34","12","40","100","15","450","4215","300"
"306EMar1808","1068","11","LEONARDO       ","84","75","31","39","98","12","400","0","0"
"306EMar1808","1069","11","PHILLIPE       ","84","75","31","39","98","6","400","0","0"
"306EMar1808","1070","11","SAN ILDEFONSO  ","7","34","12","40","100","6","400","4215","250"
"306EMar1808","1071","11","CORDOBA        ","18","41","0","40","100","8","400","0","0"
"306EMar1808","1072","7","SAN JUSTO      ","18","41","11","45","100","7","350","4304","78"
"306EMar1808","1073","7","ESPANIA        ","16","87","21","44","98","8","350","0","0"
"306EMar1808","1074","5","LAREDO         ","16","87","21","44","98","9","250","0","0"
"306EMar1808","1075","1","CADEZ          ","23","78","0","48","97","12","250","0","0"
"306EMar1808","1076","1","MATRODIAS      ","51","81","0","49","99","10","250","0","0"
"306ENov1808","1049","25","S. TRINIDAD    ","28","43","11","19","97","20","1100","0","0"
"306ENov1808","1050","23","SANTA ANA      ","28","43","11","20","98","18","950","0","0"
"306ENov1808","1051","23","RAYO           ","11","47","14","20","98","16","950","0","0"
"306ENov1808","1052","21","NEPTUNO        ","28","43","11","24","97","26","800","0","0"
"306ENov1808","1053","19","SAN AUGUSTIN   ","28","43","11","29","97","19","700","0","0"
"306ENov1808","1054","19","MONTANEZ       ","20","97","21","27","89","13","700","0","0"
"306ENov1808","1055","19","SAN JUSTO      ","11","47","14","29","98","21","700","0","0"
"306ENov1808","1056","19","BAHAMA         ","28","43","11","29","97","16","700","0","0"
"306ENov1808","1057","19","MONARCO        ","90","84","31","22","74","17","700","4130","500"
"306ENov1808","1058","17","SAN LEANDRO    ","11","47","14","29","98","24","600","0","0"
"306ENov1808","1059","17","SAN JUAN       ","28","43","11","29","98","19","600","0","0"
"306ENov1808","1060","17","MONARCA        ","28","43","11","29","97","12","600","0","0"
"306ENov1808","1061","15","CISNEROS       ","20","97","21","31","90","13","500","0","0"
"306ENov1808","1062","15","S.F. DE ASIS   ","28","43","11","33","93","11","500","0","0"
"306ENov1808","1063","15","SAN OMBLIGOS   ","28","43","11","34","97","12","500","0","0"
"306ENov1808","1064","13","CORDEZ         ","90","84","31","31","77","15","450","4130","300"
"306ENov1808","1065","13","VESPUCCIO      ","28","43","11","38","96","17","450","0","0"
"306ENov1808","1066","13","SANCHEZ        ","90","84","31","35","88","21","450","4130","300"
"306ENov1808","1067","13","ARGONAUTA      ","26","92","12","36","91","23","450","0","0"
"306ENov1808","1068","11","LEONARDO       ","90","84","31","30","75","20","400","4130","250"
"306ENov1808","1069","11","PHILLIPE       ","90","84","31","30","75","14","400","4130","250"
"306ENov1808","1070","11","SAN ILDEFONSO  ","26","92","12","37","92","14","400","0","0"
"306ENov1808","1071","11","CORDOBA        ","28","43","11","38","96","16","400","0","0"
"306ENov1808","1072","7","SAN JUSTO      ","28","43","11","42","94","15","350","0","0"
"306ENov1808","1073","7","ESPANIA        ","20","97","21","40","90","16","350","0","0"
"306ENov1808","1074","5","LAREDO         ","20","97","21","40","90","17","250","0","0"
"306ENov1808","1075","1","CADEZ          ","24","77","0","46","92","20","250","0","0"
"306ENov1808","1076","1","MATRODIAS      ","83","75","0","37","75","18","250","0","0"
"306EOct1808","1049","25","S. TRINIDAD    ","30","45","11","20","98","19","1100","4293","478"
"306EOct1808","1050","23","SANTA ANA      ","30","45","11","20","99","17","950","4581","600"
"306EOct1808","1051","23","RAYO           ","7","34","0","20","100","15","950","0","0"
"306EOct1808","1052","21","NEPTUNO        ","30","45","11","25","99","25","800","4581","197"
"306EOct1808","1053","19","SAN AUGUSTIN   ","30","45","11","29","98","18","700","4371","478"
"306EOct1808","1054","19","MONTANEZ       ","18","90","21","28","95","12","700","4134","500"
"306EOct1808","1055","19","SAN JUSTO      ","7","34","0","30","100","20","700","0","0"
"306EOct1808","1056","19","BAHAMA         ","30","45","11","30","99","15","700","4383","500"
"306EOct1808","1057","19","MONARCO        ","90","84","31","22","74","16","700","0","0"
"306EOct1808","1058","17","SAN LEANDRO    ","7","34","0","30","100","23","600","0","0"
"306EOct1808","1059","17","SAN JUAN       ","30","45","11","30","99","18","600","4383","138"
"306EOct1808","1060","17","MONARCA        ","30","45","11","29","98","11","600","4539","400"
"306EOct1808","1061","15","CISNEROS       ","18","90","21","33","95","12","500","4134","400"
"306EOct1808","1062","15","S.F. DE ASIS   ","30","45","11","33","94","10","500","4539","397"
"306EOct1808","1063","15","SAN OMBLIGOS   ","30","45","11","35","99","11","500","4552","400"
"306EOct1808","1064","13","CORDEZ         ","90","84","31","31","77","14","450","0","0"
"306EOct1808","1065","13","VESPUCCIO      ","30","45","11","39","98","16","450","4552","300"
"306EOct1808","1066","13","SANCHEZ        ","90","84","0","35","88","20","450","0","0"
"306EOct1808","1067","13","ARGONAUTA      ","26","92","12","36","91","22","450","0","0"
"306EOct1808","1068","11","LEONARDO       ","90","84","31","30","75","19","400","0","0"
"306EOct1808","1069","11","PHILLIPE       ","90","84","31","30","75","13","400","0","0"
"306EOct1808","1070","11","SAN ILDEFONSO  ","26","92","12","37","92","13","400","0","0"
"306EOct1808","1071","11","CORDOBA        ","30","45","11","39","98","15","400","4552","97"
"306EOct1808","1072","7","SAN JUSTO      ","30","45","11","43","96","14","350","4350","200"
"306EOct1808","1073","7","ESPANIA        ","18","90","21","43","95","15","350","4134","200"
"306EOct1808","1074","5","LAREDO         ","18","90","21","43","96","16","250","4134","150"
"306EOct1808","1075","1","CADEZ          ","24","77","0","46","92","19","250","0","0"
"306EOct1808","1076","1","MATRODIAS      ","83","75","0","37","75","17","250","0","0"
"307EApr1808","1124","25","VICTORY        ","13","19","14","19","93","6","1100","0","0"
"307EApr1808","1125","25","BRITANNIA      ","23","20","0","20","100","8","1100","0","0"
"307EApr1808","1126","25","ROYAL SOVEREIGN","18","47","18","20","99","11","1100","0","0"
"307EApr1808","1127","23","NEPTUNE        ","18","47","18","20","98","9","950","0","0"
"307EApr1808","1128","23","ELEPHANT       ","56","79","0","20","100","4","950","0","0"
"307EApr1808","1129","23","PRINCE OF WALES","13","19","19","19","95","15","950","0","0"
"307EApr1808","1130","23","TONNANT        ","23","20","0","20","100","12","950","0","0"
"307EApr1808","1131","23","DREADNOUGHT    ","4","31","0","19","97","5","950","0","0"
"307EApr1808","1132","21","CRESSY         ","13","19","14","23","92","8","800","0","0"
"307EApr1808","1133","21","ORION          ","13","19","14","23","92","11","800","0","0"
"307EApr1808","1134","19","LEVIATHAN      ","23","20","20","30","100","9","700","0","0"
"307EApr1808","1135","19","ORION          ","23","20","20","30","100","9","700","0","0"
"307EApr1808","1136","19","SPARTIATE      ","13","19","19","29","97","7","700","0","0"
"307EApr1808","1137","19","SWIFTSURE      ","56","79","0","30","100","15","700","0","0"
"307EApr1808","1138","19","CONQUEROR      ","11","21","0","29","98","6","700","0","0"
"307EApr1808","1139","19","GALLAND        ","71","74","13","24","81","12","700","0","0"
"307EApr1808","1140","19","THUNDERER      ","13","19","19","29","96","17","700","0","0"
"307EApr1808","1141","19","MINOTAUR       ","8","47","17","29","98","8","700","0","0"
"307EApr1808","1142","19","REVENGE        ","71","74","13","25","82","11","700","0","0"
"307EApr1808","1143","19","AJAX           ","38","51","0","28","93","13","700","0","0"
"307EApr1808","1144","17","SPECULATOR     ","56","79","0","30","100","6","600","0","0"
"307EApr1808","1145","17","AFRICA         ","11","21","0","29","98","9","600","0","0"
"307EApr1808","1146","17","ARDENT         ","13","19","14","28","92","12","600","0","0"
"307EApr1808","1147","17","AGAMEMNON      ","23","20","20","30","100","6","600","0","0"
"307EApr1808","1148","17","HERCULES       ","38","51","0","28","95","9","600","0","0"
"307EApr1808","1149","17","KING GEORGE    ","18","91","12","30","99","12","600","4144","400"
"307EApr1808","1150","17","POLYPHEMUS     ","11","21","0","30","99","13","600","0","0"
"307EApr1808","1151","15","SUSSEX         ","18","47","18","34","98","7","500","0","0"
"307EApr1808","1152","15","ACTIVE         ","13","19","0","35","99","9","500","0","0"
"307EApr1808","1153","15","ISIS           ","18","91","12","35","99","10","500","4144","400"
"307EApr1808","1154","15","CENTURION      ","38","51","0","33","93","14","500","0","0"
"307EApr1808","1155","15","MARTIN         ","23","20","20","35","100","8","500","0","0"
"307EApr1808","1156","13","ROMULUS        ","13","19","14","36","91","5","450","0","0"
"307EApr1808","1157","11","GLORY          ","38","51","0","39","97","12","400","0","0"
"307EApr1808","1158","11","DRAKE          ","18","91","12","40","99","17","400","4144","250"
"307EApr1808","1159","11","HOTSPUR        ","13","19","0","40","99","5","400","0","0"
"307EApr1808","1160","11","DART           ","38","51","0","38","95","12","400","0","0"
"307EApr1808","1161","11","ALEMENE        ","56","79","0","40","100","10","400","0","0"
"307EApr1808","1162","11","BLANCHE        ","71","74","13","33","82","10","400","0","0"
"307EApr1808","1163","7","DIADEM         ","56","79","0","45","100","6","350","0","0"
"307EApr1808","1164","5","AMAZON         ","13","19","0","44","98","14","300","0","0"
"307EApr1808","1165","1","AQUILON        ","23","20","0","50","100","9","250","0","0"
"307EApr1808","1166","1","CIRCE          ","24","77","0","50","100","6","250","0","0"
"307EApr1808","1167","1","HERMES         ","24","77","0","50","100","10","250","0","0"
"307EApr1808","1168","1","LAVIUS         ","22","11","0","50","100","8","250","0","0"
"307EApr1808","1425","15","ROSE           ","13","19","16","35","100","6","500","0","0"
"307EApr1808","1426","7","ARROW          ","13","19","16","45","100","11","350","0","0"
"307EApr1808","1427","7","HOLLY          ","13","19","16","45","100","12","350","0","0"
"307EApr1808","1428","19","DEFENCE        ","13","19","15","30","100","14","700","4230","300"
"307EApr1808","1429","11","DILIGENT       ","13","19","15","40","100","22","400","0","0"
"307EApr1809","1124","25","VICTORY        ","12","19","11","19","97","18","1100","0","0"
"307EApr1809","1125","25","BRITANNIA      ","12","19","11","19","96","20","1100","0","0"
"307EApr1809","1126","25","ROYAL SOVEREIGN","12","19","11","19","97","23","1100","0","0"
"307EApr1809","1127","23","NEPTUNE        ","12","19","11","19","97","21","950","0","0"
"307EApr1809","1128","23","ELEPHANT       ","12","19","11","19","97","16","950","0","0"
"307EApr1809","1129","23","PRINCE OF WALES","12","19","11","20","98","27","950","0","0"
"307EApr1809","1130","23","TONNANT        ","12","19","11","19","97","24","950","0","0"
"307EApr1809","1131","23","DREADNOUGHT    ","12","19","11","19","97","17","950","0","0"
"307EApr1809","1132","21","CRESSY         ","12","19","11","24","96","20","800","0","0"
"307EApr1809","1133","21","ORION          ","12","19","11","24","96","23","800","0","0"
"307EApr1809","1134","19","LEVIATHAN      ","12","19","11","29","97","21","700","0","0"
"307EApr1809","1135","19","ORION          ","12","19","11","29","97","21","700","0","0"
"307EApr1809","1136","19","SPARTIATE      ","12","19","11","29","97","19","700","0","0"
"307EApr1809","1137","19","SWIFTSURE      ","12","19","11","29","97","27","700","0","0"
"307EApr1809","1138","19","CONQUEROR      ","12","19","11","29","98","18","700","0","0"
"307EApr1809","1139","19","GALLAND        ","12","19","11","14","48","24","700","0","0"
"307EApr1809","1140","19","THUNDERER      ","12","19","11","20","67","29","230","0","0"
"307EApr1809","1141","19","MINOTAUR       ","82","89","27","26","88","20","700","0","0"
"307EApr1809","1142","19","REVENGE        ","12","19","11","15","51","23","700","0","0"
"307EApr1809","1143","19","AJAX           ","38","53","28","28","92","25","700","0","0"
"307EApr1809","1147","17","AGAMEMNON      ","12","19","11","12","40","18","21","0","0"
"307EApr1809","1148","17","HERCULES       ","38","53","28","28","92","21","600","0","0"
"307EApr1809","1149","17","KING GEORGE    ","13","74","12","25","84","24","600","4144","400"
"307EApr1809","1152","15","ACTIVE         ","82","89","27","32","91","21","500","0","0"
"307EApr1809","1153","15","ISIS           ","13","74","12","29","82","22","500","4144","400"
"307EApr1809","1154","15","CENTURION      ","38","53","28","32","92","26","500","0","0"
"307EApr1809","1157","11","GLORY          ","38","53","28","38","95","24","400","0","0"
"307EApr1809","1158","11","DRAKE          ","13","74","12","34","84","29","400","4144","250"
"307EApr1809","1161","11","ALEMENE        ","24","77","23","37","93","22","400","0","0"
"307EApr1809","1162","11","BLANCHE        ","62","88","0","30","75","22","400","0","0"
"307EApr1809","1163","7","DIADEM         ","24","77","23","42","94","18","350","0","0"
"307EApr1809","1164","5","AMAZON         ","82","89","27","40","90","26","300","0","0"
"307EApr1809","1166","1","CIRCE          ","24","77","0","50","100","18","250","0","0"
"307EApr1809","1167","1","HERMES         ","26","92","0","41","82","22","250","0","0"
"307EApr1809","1289","25","IMP. ALEXANDER ","12","19","11","15","74","25","254","0","0"
"307EApr1809","1290","23","F?RST REPNIN   ","12","19","11","12","61","18","312","0","0"
"307EApr1809","1291","21","TWARDY         ","12","19","11","15","62","23","353","0","0"
"307EApr1809","1292","21","DIMITRI        ","12","19","11","11","45","19","310","0","0"
"307EApr1809","1294","19","KOLJA          ","12","19","11","12","41","21","380","0","0"
"307EApr1809","1295","19","CHARTSCHENKO   ","12","19","11","11","38","20","330","0","0"
"307EApr1809","1297","17","ALESCHA        ","12","19","11","13","44","22","130","0","0"
"307EApr1809","1302","15","PONOWIE        ","13","20","0","34","98","23","500","0","0"
"307EApr1809","1305","13","BATJUSCHKA     ","12","19","11","39","97","21","450","0","0"
"307EApr1809","1307","11","MAZNEW         ","12","19","11","24","61","27","132","0","0"
"307EApr1809","1310","11","ARTEMJEW       ","12","19","11","39","97","22","400","0","0"
"307EApr1809","1425","15","ROSE           ","83","99","16","24","70","18","500","4508","400"
"307EApr1809","1426","7","ARROW          ","71","74","0","43","95","23","350","0","0"
"307EApr1809","1427","7","HOLLY          ","83","99","16","31","68","24","350","4508","73"
"307EApr1809","1428","19","DEFENCE        ","12","19","11","21","70","26","617","0","0"
"307EAug1808","1124","25","VICTORY        ","24","20","19","18","92","10","1100","4674","600"
"307EAug1808","1125","25","BRITANNIA      ","23","20","20","20","100","12","1100","4647","600"
"307EAug1808","1126","25","ROYAL SOVEREIGN","1","29","18","19","96","15","1100","4008","600"
"307EAug1808","1127","23","NEPTUNE        ","1","29","18","19","95","13","950","4008","520"
"307EAug1808","1128","23","ELEPHANT       ","13","19","0","19","95","8","950","0","0"
"307EAug1808","1129","23","PRINCE OF WALES","24","20","19","19","93","19","950","4674","200"
"307EAug1808","1130","23","TONNANT        ","23","20","20","20","100","16","950","4647","200"
"307EAug1808","1131","23","DREADNOUGHT    ","24","20","19","19","95","9","950","4583","600"
"307EAug1808","1132","21","CRESSY         ","24","20","19","23","91","12","800","4583","200"
"307EAug1808","1133","21","ORION          ","24","20","19","23","91","15","800","4593","500"
"307EAug1808","1134","19","LEVIATHAN      ","23","20","20","30","100","13","700","4656","500"
"307EAug1808","1135","19","ORION          ","23","20","20","30","100","13","700","4656","300"
"307EAug1808","1136","19","SPARTIATE      ","24","20","19","28","95","11","700","4593","300"
"307EAug1808","1137","19","SWIFTSURE      ","24","20","19","29","97","19","700","4602","500"
"307EAug1808","1138","19","CONQUEROR      ","24","20","19","29","96","10","700","4602","300"
"307EAug1808","1139","19","GALLAND        ","62","88","13","24","80","16","700","0","0"
"307EAug1808","1140","19","THUNDERER      ","24","20","19","28","94","21","700","4611","500"
"307EAug1808","1141","19","MINOTAUR       ","90","92","27","28","93","12","700","4494","480"
"307EAug1808","1142","19","REVENGE        ","62","88","13","24","80","15","700","0","0"
"307EAug1808","1143","19","AJAX           ","38","53","28","28","92","17","700","0","0"
"307EAug1808","1144","17","SPECULATOR     ","24","20","19","28","94","10","600","4611","300"
"307EAug1808","1145","17","AFRICA         ","24","20","19","28","93","13","600","0","0"
"307EAug1808","1146","17","ARDENT         ","24","20","29","27","90","16","600","4522","400"
"307EAug1808","1147","17","AGAMEMNON      ","23","20","20","30","100","10","600","4665","400"
"307EAug1808","1148","17","HERCULES       ","38","53","28","28","92","13","600","0","0"
"307EAug1808","1149","17","KING GEORGE    ","18","91","12","28","94","16","600","4144","400"
"307EAug1808","1150","17","POLYPHEMUS     ","24","20","19","28","95","17","600","0","0"
"307EAug1808","1151","15","SUSSEX         ","1","29","18","33","95","11","500","0","0"
"307EAug1808","1152","15","ACTIVE         ","90","92","27","34","97","13","500","4245","400"
"307EAug1808","1153","15","ISIS           ","18","91","12","33","93","14","500","4144","400"
"307EAug1808","1154","15","CENTURION      ","38","53","28","32","92","18","500","0","0"
"307EAug1808","1155","15","MARTIN         ","23","20","20","35","100","12","500","4665","400"
"307EAug1808","1156","13","ROMULUS        ","24","20","29","36","89","9","450","4522","300"
"307EAug1808","1157","11","GLORY          ","38","53","28","38","95","16","400","0","0"
"307EAug1808","1158","11","DRAKE          ","18","91","12","38","94","21","400","4144","250"
"307EAug1808","1159","11","HOTSPUR        ","1","44","25","37","93","9","400","0","0"
"307EAug1808","1160","11","DART           ","38","33","0","36","91","16","400","0","0"
"307EAug1808","1161","11","ALEMENE        ","14","82","23","38","95","14","400","0","0"
"307EAug1808","1162","11","BLANCHE        ","62","88","13","32","81","14","400","0","0"
"307EAug1808","1163","7","DIADEM         ","14","82","23","43","96","10","350","0","0"
"307EAug1808","1164","5","AMAZON         ","90","92","27","43","95","18","300","4245","150"
"307EAug1808","1165","1","AQUILON        ","23","20","0","50","100","13","250","0","0"
"307EAug1808","1166","1","CIRCE          ","24","77","0","50","100","10","250","0","0"
"307EAug1808","1167","1","HERMES         ","26","92","0","48","96","14","250","0","0"
"307EAug1808","1168","1","LAVIUS         ","33","19","0","47","95","12","250","0","0"
"307EAug1808","1425","15","ROSE           ","31","92","16","33","93","10","500","0","0"
"307EAug1808","1426","7","ARROW          ","71","74","0","43","95","15","350","0","0"
"307EAug1808","1427","7","HOLLY          ","31","92","16","41","91","16","350","0","0"
"307EAug1808","1428","19","DEFENCE        ","1","44","15","28","93","18","700","0","0"
"307EAug1808","1429","11","DILIGENT       ","24","20","29","40","99","26","400","4536","40"
"307EDec1808","1141","19","MINOTAUR       ","82","88","27","26","88","16","700","0","0"
"307EDec1808","1143","19","AJAX           ","38","53","28","28","92","21","700","0","0"
"307EDec1808","1148","17","HERCULES       ","38","53","28","28","92","17","600","0","0"
"307EDec1808","1149","17","KING GEORGE    ","24","77","12","27","91","20","600","0","0"
"307EDec1808","1152","15","ACTIVE         ","82","88","27","32","91","17","500","0","0"
"307EDec1808","1153","15","ISIS           ","24","77","12","31","89","18","500","0","0"
"307EDec1808","1154","15","CENTURION      ","38","53","28","32","92","22","500","0","0"
"307EDec1808","1157","11","GLORY          ","38","53","28","38","95","20","400","0","0"
"307EDec1808","1158","11","DRAKE          ","24","77","12","36","91","25","400","0","0"
"307EDec1808","1161","11","ALEMENE        ","24","77","23","37","93","18","400","0","0"
"307EDec1808","1162","11","BLANCHE        ","62","88","0","30","75","18","400","0","0"
"307EDec1808","1163","7","DIADEM         ","24","77","23","42","94","14","350","0","0"
"307EDec1808","1164","5","AMAZON         ","82","88","27","40","90","22","300","0","0"
"307EDec1808","1166","1","CIRCE          ","24","77","0","50","100","14","250","0","0"
"307EDec1808","1167","1","HERMES         ","40","96","0","46","92","18","250","0","0"
"307EDec1808","1425","15","ROSE           ","24","77","16","32","91","14","500","0","0"
"307EDec1808","1426","7","ARROW          ","71","74","0","43","95","19","350","0","0"
"307EDec1808","1427","7","HOLLY          ","24","77","16","40","89","20","350","0","0"
"307EFeb1809","1134","19","LEVIATHAN      ","13","20","11","30","99","19","700","0","0"
"307EFeb1809","1135","19","ORION          ","13","20","11","30","99","19","700","0","0"
"307EFeb1809","1136","19","SPARTIATE      ","13","20","11","30","99","17","700","0","0"
"307EFeb1809","1137","19","SWIFTSURE      ","13","20","11","30","99","25","700","0","0"
"307EFeb1809","1138","19","CONQUEROR      ","13","20","11","30","99","16","700","0","0"
"307EFeb1809","1139","19","GALLAND        ","13","20","11","15","50","22","700","0","0"
"307EFeb1809","1140","19","THUNDERER      ","13","20","11","21","69","27","230","0","0"
"307EFeb1809","1141","19","MINOTAUR       ","82","88","27","26","88","18","700","0","0"
"307EFeb1809","1142","19","REVENGE        ","13","20","11","16","53","21","700","0","0"
"307EFeb1809","1143","19","AJAX           ","38","53","28","28","92","23","700","0","0"
"307EFeb1809","1147","17","AGAMEMNON      ","13","20","11","13","42","16","21","0","0"
"307EFeb1809","1148","17","HERCULES       ","38","53","28","28","92","19","600","0","0"
"307EFeb1809","1149","17","KING GEORGE    ","24","77","12","25","85","22","600","4144","400"
"307EFeb1809","1152","15","ACTIVE         ","82","88","27","32","91","19","500","0","0"
"307EFeb1809","1153","15","ISIS           ","24","77","12","29","83","20","500","4144","400"
"307EFeb1809","1154","15","CENTURION      ","38","53","28","32","92","24","500","0","0"
"307EFeb1809","1157","11","GLORY          ","38","53","28","38","95","22","400","0","0"
"307EFeb1809","1158","11","DRAKE          ","24","77","12","34","86","27","400","4144","250"
"307EFeb1809","1161","11","ALEMENE        ","24","77","23","37","93","20","400","0","0"
"307EFeb1809","1162","11","BLANCHE        ","62","88","0","30","75","20","400","0","0"
"307EFeb1809","1163","7","DIADEM         ","24","77","23","42","94","16","350","0","0"
"307EFeb1809","1164","5","AMAZON         ","82","88","27","40","90","24","300","0","0"
"307EFeb1809","1166","1","CIRCE          ","24","77","0","50","100","16","250","0","0"
"307EFeb1809","1167","1","HERMES         ","26","92","0","41","82","20","250","0","0"
"307EFeb1809","1289","25","IMP. ALEXANDER ","13","20","11","15","76","23","254","0","0"
"307EFeb1809","1290","23","F?RST REPNIN   ","13","20","11","13","63","16","312","0","0"
"307EFeb1809","1291","21","TWARDY         ","13","20","11","16","64","21","353","0","0"
"307EFeb1809","1292","21","DIMITRI        ","13","20","11","11","46","17","310","0","0"
"307EFeb1809","1294","19","KOLJA          ","13","20","11","13","42","19","380","0","0"
"307EFeb1809","1295","19","CHARTSCHENKO   ","13","20","11","12","40","18","330","0","0"
"307EFeb1809","1296","19","SKATSHKOW      ","13","20","11","13","42","17","350","0","0"
"307EFeb1809","1297","17","ALESCHA        ","13","20","11","14","46","20","130","0","0"
"307EFeb1809","1305","13","BATJUSCHKA     ","13","20","11","40","99","19","450","0","0"
"307EFeb1809","1307","11","MAZNEW         ","13","20","11","25","62","25","132","0","0"
"307EFeb1809","1310","11","ARTEMJEW       ","13","20","11","39","98","20","400","0","0"
"307EFeb1809","1425","15","ROSE           ","90","92","16","25","72","16","500","4508","400"
"307EFeb1809","1426","7","ARROW          ","71","74","0","43","95","21","350","0","0"
"307EFeb1809","1427","7","HOLLY          ","90","92","16","31","70","22","350","4508","73"
"307EFeb1809","1428","19","DEFENCE        ","13","20","11","22","72","24","617","0","0"
"307EJan1808","1124","25","VICTORY        ","22","11","0","20","100","3","1100","0","0"
"307EJan1808","1125","25","BRITANNIA      ","23","20","0","20","100","5","1100","0","0"
"307EJan1808","1126","25","ROYAL SOVEREIGN","38","53","0","20","100","8","1100","0","0"
"307EJan1808","1127","23","NEPTUNE        ","38","53","0","20","100","6","950","0","0"
"307EJan1808","1128","23","ELEPHANT       ","56","79","0","20","100","1","950","0","0"
"307EJan1808","1129","23","PRINCE OF WALES","24","77","0","20","100","12","950","0","0"
"307EJan1808","1130","23","TONNANT        ","23","20","0","20","100","9","950","0","0"
"307EJan1808","1131","23","DREADNOUGHT    ","9","46","0","20","100","2","950","0","0"
"307EJan1808","1132","21","CRESSY         ","22","11","0","25","100","5","800","0","0"
"307EJan1808","1133","21","ORION          ","22","11","0","25","100","8","800","0","0"
"307EJan1808","1134","19","LEVIATHAN      ","23","20","0","30","100","6","700","0","0"
"307EJan1808","1135","19","ORION          ","23","20","0","30","100","6","700","0","0"
"307EJan1808","1136","19","SPARTIATE      ","24","77","0","30","100","4","700","0","0"
"307EJan1808","1137","19","SWIFTSURE      ","56","79","0","30","100","12","700","0","0"
"307EJan1808","1138","19","CONQUEROR      ","9","46","0","30","100","3","700","0","0"
"307EJan1808","1139","19","GALLAND        ","62","88","0","30","100","9","700","0","0"
"307EJan1808","1140","19","THUNDERER      ","24","77","0","30","100","14","700","0","0"
"307EJan1808","1141","19","MINOTAUR       ","38","53","0","30","100","5","700","0","0"
"307EJan1808","1142","19","REVENGE        ","62","88","0","30","100","8","700","0","0"
"307EJan1808","1143","19","AJAX           ","47","47","0","30","100","10","700","0","0"
"307EJan1808","1144","17","SPECULATOR     ","56","79","0","30","100","3","600","0","0"
"307EJan1808","1145","17","AFRICA         ","9","46","0","30","100","6","600","0","0"
"307EJan1808","1146","17","ARDENT         ","22","11","0","30","100","9","600","0","0"
"307EJan1808","1147","17","AGAMEMNON      ","23","20","0","30","100","3","600","0","0"
"307EJan1808","1148","17","HERCULES       ","47","47","0","30","100","6","600","0","0"
"307EJan1808","1149","17","KING GEORGE    ","24","77","0","30","100","9","600","0","0"
"307EJan1808","1150","17","POLYPHEMUS     ","9","46","0","30","100","10","600","0","0"
"307EJan1808","1151","15","SUSSEX         ","38","53","0","35","100","4","500","0","0"
"307EJan1808","1152","15","ACTIVE         ","9","46","0","35","100","6","500","0","0"
"307EJan1808","1153","15","ISIS           ","24","77","0","35","100","7","500","0","0"
"307EJan1808","1154","15","CENTURION      ","47","47","0","35","100","11","500","0","0"
"307EJan1808","1155","15","MARTIN         ","23","20","0","35","100","5","500","0","0"
"307EJan1808","1156","13","ROMULUS        ","22","11","0","40","100","2","450","0","0"
"307EJan1808","1157","11","GLORY          ","47","47","0","40","100","9","400","0","0"
"307EJan1808","1158","11","DRAKE          ","24","77","0","40","100","14","400","0","0"
"307EJan1808","1159","11","HOTSPUR        ","9","46","0","40","100","2","400","0","0"
"307EJan1808","1160","11","DART           ","47","47","0","40","100","9","400","0","0"
"307EJan1808","1161","11","ALEMENE        ","56","79","0","40","100","7","400","0","0"
"307EJan1808","1162","11","BLANCHE        ","62","88","0","40","100","7","400","0","0"
"307EJan1808","1163","7","DIADEM         ","56","79","0","45","100","3","350","0","0"
"307EJan1808","1164","5","AMAZON         ","9","46","0","45","100","11","300","0","0"
"307EJan1808","1165","1","AQUILON        ","23","20","0","50","100","6","250","0","0"
"307EJan1808","1166","1","CIRCE          ","24","77","0","50","100","3","250","0","0"
"307EJan1808","1167","1","HERMES         ","24","77","0","50","100","7","250","0","0"
"307EJan1808","1168","1","LAVIUS         ","22","11","0","50","100","5","250","0","0"
"307EJan1808","1425","15","ROSE           ","13","19","0","35","100","3","500","0","0"
"307EJan1808","1426","7","ARROW          ","13","19","0","45","100","8","350","0","0"
"307EJan1808","1427","7","HOLLY          ","13","19","0","45","100","9","350","0","0"
"307EJan1808","1428","19","DEFENCE        ","13","19","0","30","100","11","700","0","0"
"307EJan1808","1429","11","DILIGENT       ","13","19","0","40","100","19","400","0","0"
"307EJan1809","1139","19","GALLAND        ","18","21","24","15","51","21","700","0","0"
"307EJan1809","1141","19","MINOTAUR       ","82","88","27","26","88","17","700","0","0"
"307EJan1809","1142","19","REVENGE        ","18","21","24","16","54","20","700","0","0"
"307EJan1809","1143","19","AJAX           ","38","53","28","28","92","22","700","0","0"
"307EJan1809","1148","17","HERCULES       ","38","53","28","28","92","18","600","0","0"
"307EJan1809","1149","17","KING GEORGE    ","17","73","12","27","89","21","600","4144","400"
"307EJan1809","1152","15","ACTIVE         ","82","88","27","32","91","18","500","0","0"
"307EJan1809","1153","15","ISIS           ","17","73","12","31","88","19","500","4144","400"
"307EJan1809","1154","15","CENTURION      ","38","53","28","32","92","23","500","0","0"
"307EJan1809","1157","11","GLORY          ","38","53","28","38","95","21","400","0","0"
"307EJan1809","1158","11","DRAKE          ","17","73","12","36","90","26","400","4144","250"
"307EJan1809","1161","11","ALEMENE        ","24","77","23","37","93","19","400","0","0"
"307EJan1809","1162","11","BLANCHE        ","62","88","0","30","75","19","400","0","0"
"307EJan1809","1163","7","DIADEM         ","24","77","23","42","94","15","350","0","0"
"307EJan1809","1164","5","AMAZON         ","82","88","27","40","90","23","300","0","0"
"307EJan1809","1166","1","CIRCE          ","24","77","0","50","100","15","250","0","0"
"307EJan1809","1167","1","HERMES         ","40","96","0","46","92","19","250","0","0"
"307EJan1809","1295","19","CHARTSCHENKO   ","18","21","11","13","42","17","330","0","0"
"307EJan1809","1296","19","SKATSHKOW      ","18","21","11","13","43","16","350","0","0"
"307EJan1809","1297","17","ALESCHA        ","18","21","11","14","47","19","130","0","0"
"307EJan1809","1305","13","BATJUSCHKA     ","18","21","11","29","73","18","111","0","0"
"307EJan1809","1307","11","MAZNEW         ","18","21","11","25","63","24","132","0","0"
"307EJan1809","1310","11","ARTEMJEW       ","18","21","11","31","78","19","177","0","0"
"307EJan1809","1425","15","ROSE           ","15","84","16","28","79","15","500","4508","400"
"307EJan1809","1426","7","ARROW          ","71","74","0","43","95","20","350","0","0"
"307EJan1809","1427","7","HOLLY          ","15","84","16","35","77","21","350","4508","73"
"307EJan1809","1428","19","DEFENCE        ","18","21","11","22","73","23","617","0","0"
"307EJul1808","1124","25","VICTORY        ","13","19","14","19","93","9","1100","0","0"
"307EJul1808","1125","25","BRITANNIA      ","23","20","20","20","100","11","1100","0","0"
"307EJul1808","1126","25","ROYAL SOVEREIGN","9","46","18","19","97","14","1100","4008","600"
"307EJul1808","1127","23","NEPTUNE        ","9","46","18","19","97","12","950","4008","520"
"307EJul1808","1128","23","ELEPHANT       ","11","21","0","19","97","7","950","0","0"
"307EJul1808","1129","23","PRINCE OF WALES","13","19","19","19","95","18","950","0","0"
"307EJul1808","1130","23","TONNANT        ","23","20","20","20","100","15","950","0","0"
"307EJul1808","1131","23","DREADNOUGHT    ","13","19","19","19","96","8","950","0","0"
"307EJul1808","1132","21","CRESSY         ","13","19","14","23","92","11","800","0","0"
"307EJul1808","1133","21","ORION          ","13","19","14","23","92","14","800","0","0"
"307EJul1808","1134","19","LEVIATHAN      ","23","20","20","30","100","12","700","0","0"
"307EJul1808","1135","19","ORION          ","23","20","20","30","100","12","700","0","0"
"307EJul1808","1136","19","SPARTIATE      ","13","19","19","29","97","10","700","0","0"
"307EJul1808","1137","19","SWIFTSURE      ","13","19","0","29","98","18","700","0","0"
"307EJul1808","1138","19","CONQUEROR      ","13","19","19","29","97","9","700","0","0"
"307EJul1808","1139","19","GALLAND        ","71","74","13","24","81","15","700","0","0"
"307EJul1808","1140","19","THUNDERER      ","13","19","19","29","96","20","700","0","0"
"307EJul1808","1141","19","MINOTAUR       ","40","79","27","28","95","11","700","4494","480"
"307EJul1808","1142","19","REVENGE        ","71","74","13","25","82","14","700","0","0"
"307EJul1808","1143","19","AJAX           ","38","53","28","28","92","16","700","0","0"
"307EJul1808","1144","17","SPECULATOR     ","13","19","0","28","95","9","600","0","0"
"307EJul1808","1145","17","AFRICA         ","13","19","19","28","95","12","600","0","0"
"307EJul1808","1146","17","ARDENT         ","13","19","29","28","92","15","600","4522","400"
"307EJul1808","1147","17","AGAMEMNON      ","23","20","20","30","100","9","600","0","0"
"307EJul1808","1148","17","HERCULES       ","38","53","28","28","92","12","600","0","0"
"307EJul1808","1149","17","KING GEORGE    ","33","92","12","29","96","15","600","0","0"
"307EJul1808","1150","17","POLYPHEMUS     ","13","19","19","29","97","16","600","0","0"
"307EJul1808","1151","15","SUSSEX         ","9","46","18","34","96","10","500","0","0"
"307EJul1808","1152","15","ACTIVE         ","40","79","27","34","98","12","500","4245","400"
"307EJul1808","1153","15","ISIS           ","33","92","12","33","95","13","500","0","0"
"307EJul1808","1154","15","CENTURION      ","38","53","28","32","92","17","500","0","0"
"307EJul1808","1155","15","MARTIN         ","23","20","20","35","100","11","500","0","0"
"307EJul1808","1156","13","ROMULUS        ","13","19","29","36","91","8","450","4522","300"
"307EJul1808","1157","11","GLORY          ","38","53","28","38","95","15","400","0","0"
"307EJul1808","1158","11","DRAKE          ","33","92","12","38","96","20","400","0","0"
"307EJul1808","1159","11","HOTSPUR        ","57","86","25","38","95","8","400","0","0"
"307EJul1808","1160","11","DART           ","38","33","0","36","91","15","400","0","0"
"307EJul1808","1161","11","ALEMENE        ","40","79","23","38","96","13","400","4508","250"
"307EJul1808","1162","11","BLANCHE        ","71","74","13","33","82","13","400","0","0"
"307EJul1808","1163","7","DIADEM         ","40","79","23","44","97","9","350","4508","200"
"307EJul1808","1164","5","AMAZON         ","40","79","27","43","96","17","300","4245","150"
"307EJul1808","1165","1","AQUILON        ","23","20","0","50","100","12","250","0","0"
"307EJul1808","1166","1","CIRCE          ","24","77","0","50","100","9","250","0","0"
"307EJul1808","1167","1","HERMES         ","26","92","0","48","96","13","250","0","0"
"307EJul1808","1168","1","LAVIUS         ","34","17","0","49","98","11","250","0","0"
"307EJul1808","1425","15","ROSE           ","32","81","16","33","95","9","500","4216","400"
"307EJul1808","1426","7","ARROW          ","71","74","0","43","95","14","350","0","0"
"307EJul1808","1427","7","HOLLY          ","32","81","16","42","93","15","350","4216","150"
"307EJul1808","1428","19","DEFENCE        ","56","79","15","28","94","17","700","0","0"
"307EJul1808","1429","11","DILIGENT       ","13","19","29","40","100","25","400","4536","40"
"307EJul1809","1124","25","VICTORY        ","14","26","11","19","95","21","1100","0","0"
"307EJul1809","1125","25","BRITANNIA      ","14","26","11","19","97","23","1100","0","0"
"307EJul1809","1126","25","ROYAL SOVEREIGN","14","26","11","19","96","26","1100","0","0"
"307EJul1809","1127","23","NEPTUNE        ","14","26","11","19","96","24","950","0","0"
"307EJul1809","1128","23","ELEPHANT       ","14","26","11","19","95","19","950","0","0"
"307EJul1809","1129","23","PRINCE OF WALES","14","26","11","18","92","30","928","0","0"
"307EJul1809","1130","23","TONNANT        ","14","26","11","19","96","27","950","0","0"
"307EJul1809","1131","23","DREADNOUGHT    ","14","26","11","19","97","20","950","0","0"
"307EJul1809","1132","21","CRESSY         ","14","26","11","24","96","23","800","0","0"
"307EJul1809","1133","21","ORION          ","14","26","11","23","94","26","800","0","0"
"307EJul1809","1134","19","LEVIATHAN      ","14","26","11","29","96","24","700","0","0"
"307EJul1809","1135","19","ORION          ","14","26","11","29","96","24","700","0","0"
"307EJul1809","1136","19","SPARTIATE      ","14","26","11","28","95","22","700","0","0"
"307EJul1809","1137","19","SWIFTSURE      ","14","26","11","29","97","30","700","0","0"
"307EJul1809","1138","19","CONQUEROR      ","14","26","11","28","92","21","677","0","0"
"307EJul1809","1139","19","GALLAND        ","14","26","11","29","96","27","700","0","0"
"307EJul1809","1140","19","THUNDERER      ","14","26","11","28","95","32","700","0","0"
"307EJul1809","1141","19","MINOTAUR       ","81","89","27","26","87","23","700","0","0"
"307EJul1809","1142","19","REVENGE        ","14","26","11","28","94","26","700","0","0"
"307EJul1809","1143","19","AJAX           ","38","53","28","28","92","28","700","0","0"
"307EJul1809","1147","17","AGAMEMNON      ","14","26","11","22","72","21","496","0","0"
"307EJul1809","1148","17","HERCULES       ","38","53","28","28","92","24","600","0","0"
"307EJul1809","1149","17","KING GEORGE    ","13","74","12","25","84","27","600","4144","400"
"307EJul1809","1152","15","ACTIVE         ","81","89","27","31","89","24","500","0","0"
"307EJul1809","1153","15","ISIS           ","13","74","12","29","82","25","500","4144","400"
"307EJul1809","1154","15","CENTURION      ","38","53","28","32","92","29","500","0","0"
"307EJul1809","1157","11","GLORY          ","38","53","28","38","95","27","400","0","0"
"307EJul1809","1158","11","DRAKE          ","13","74","12","34","84","32","400","4144","250"
"307EJul1809","1160","11","DART           ","38","33","0","36","91","27","400","0","0"
"307EJul1809","1161","11","ALEMENE        ","13","19","23","36","89","25","400","0","0"
"307EJul1809","1162","11","BLANCHE        ","62","88","0","30","75","25","400","0","0"
"307EJul1809","1163","7","DIADEM         ","13","19","23","41","91","21","350","0","0"
"307EJul1809","1164","5","AMAZON         ","81","89","27","40","89","29","300","0","0"
"307EJul1809","1165","1","AQUILON        ","37","13","0","46","92","24","250","0","0"
"307EJul1809","1166","1","CIRCE          ","24","77","0","50","100","21","250","0","0"
"307EJul1809","1167","1","HERMES         ","26","92","0","41","82","25","250","0","0"
"307EJul1809","1168","1","LAVIUS         ","28","20","0","45","90","23","250","0","0"
"307EJul1809","1289","25","IMP. ALEXANDER ","14","26","11","19","97","28","1100","0","0"
"307EJul1809","1290","23","F?RST REPNIN   ","14","26","11","19","95","21","950","0","0"
"307EJul1809","1291","21","TWARDY         ","14","26","11","24","95","26","800","0","0"
"307EJul1809","1292","21","DIMITRI        ","14","26","11","24","96","22","800","0","0"
"307EJul1809","1294","19","KOLJA          ","14","26","11","27","89","24","665","0","0"
"307EJul1809","1295","19","CHARTSCHENKO   ","14","26","11","29","96","23","700","0","0"
"307EJul1809","1297","17","ALESCHA        ","14","19","0","22","73","25","497","0","0"
"307EJul1809","1302","15","PONOWIE        ","13","19","14","34","96","26","500","0","0"
"307EJul1809","1307","11","MAZNEW         ","13","19","0","39","97","30","400","0","0"
"307EJul1809","1425","15","ROSE           ","81","89","16","23","65","21","500","0","0"
"307EJul1809","1426","7","ARROW          ","81","89","0","39","87","26","350","0","0"
"307EJul1809","1427","7","HOLLY          ","81","89","16","29","64","27","350","0","0"
"307EJul1809","1428","19","DEFENCE        ","14","26","11","28","94","29","700","0","0"
"307EJun1808","1124","25","VICTORY        ","13","19","14","19","93","8","1100","0","0"
"307EJun1808","1125","25","BRITANNIA      ","23","20","0","20","100","10","1100","0","0"
"307EJun1808","1126","25","ROYAL SOVEREIGN","9","46","18","19","97","13","1100","0","0"
"307EJun1808","1127","23","NEPTUNE        ","9","46","18","19","97","11","950","0","0"
"307EJun1808","1128","23","ELEPHANT       ","1","41","0","20","98","6","950","0","0"
"307EJun1808","1129","23","PRINCE OF WALES","13","19","19","19","95","17","950","0","0"
"307EJun1808","1130","23","TONNANT        ","23","20","0","20","100","14","950","0","0"
"307EJun1808","1131","23","DREADNOUGHT    ","13","19","19","19","96","7","950","0","0"
"307EJun1808","1132","21","CRESSY         ","13","19","14","23","92","10","800","0","0"
"307EJun1808","1133","21","ORION          ","13","19","14","23","92","13","800","0","0"
"307EJun1808","1134","19","LEVIATHAN      ","23","20","20","30","100","11","700","0","0"
"307EJun1808","1135","19","ORION          ","23","20","20","30","100","11","700","0","0"
"307EJun1808","1136","19","SPARTIATE      ","13","19","19","29","97","9","700","0","0"
"307EJun1808","1137","19","SWIFTSURE      ","1","41","0","30","99","17","700","0","0"
"307EJun1808","1138","19","CONQUEROR      ","13","19","19","29","97","8","700","0","0"
"307EJun1808","1139","19","GALLAND        ","71","74","13","24","81","14","700","0","0"
"307EJun1808","1140","19","THUNDERER      ","13","19","19","29","96","19","700","0","0"
"307EJun1808","1141","19","MINOTAUR       ","13","19","27","29","96","10","700","4494","480"
"307EJun1808","1142","19","REVENGE        ","71","74","13","25","82","13","700","0","0"
"307EJun1808","1143","19","AJAX           ","38","53","28","28","92","15","700","0","0"
"307EJun1808","1144","17","SPECULATOR     ","1","41","0","29","98","8","600","0","0"
"307EJun1808","1145","17","AFRICA         ","13","19","19","28","95","11","600","0","0"
"307EJun1808","1146","17","ARDENT         ","13","19","14","28","92","14","600","0","0"
"307EJun1808","1147","17","AGAMEMNON      ","23","20","20","30","100","8","600","0","0"
"307EJun1808","1148","17","HERCULES       ","38","53","28","28","92","11","600","0","0"
"307EJun1808","1149","17","KING GEORGE    ","18","91","12","30","99","14","600","0","0"
"307EJun1808","1150","17","POLYPHEMUS     ","13","19","19","29","97","15","600","0","0"
"307EJun1808","1151","15","SUSSEX         ","9","46","18","34","96","9","500","0","0"
"307EJun1808","1152","15","ACTIVE         ","13","19","27","35","99","11","500","4245","400"
"307EJun1808","1153","15","ISIS           ","18","91","12","35","99","12","500","0","0"
"307EJun1808","1154","15","CENTURION      ","38","53","28","32","92","16","500","0","0"
"307EJun1808","1155","15","MARTIN         ","23","20","20","35","100","10","500","0","0"
"307EJun1808","1156","13","ROMULUS        ","13","19","14","36","91","7","450","0","0"
"307EJun1808","1157","11","GLORY          ","38","53","0","38","95","14","400","0","0"
"307EJun1808","1158","11","DRAKE          ","18","91","12","40","99","19","400","0","0"
"307EJun1808","1159","11","HOTSPUR        ","51","81","25","39","97","7","400","4415","250"
"307EJun1808","1160","11","DART           ","38","53","0","37","93","14","400","0","0"
"307EJun1808","1161","11","ALEMENE        ","13","19","23","39","98","12","400","4508","250"
"307EJun1808","1162","11","BLANCHE        ","71","74","13","33","82","12","400","0","0"
"307EJun1808","1163","7","DIADEM         ","13","19","23","44","98","8","350","4508","200"
"307EJun1808","1164","5","AMAZON         ","13","19","27","44","98","16","300","4245","150"
"307EJun1808","1165","1","AQUILON        ","23","20","26","50","100","11","250","0","0"
"307EJun1808","1166","1","CIRCE          ","24","77","0","50","100","8","250","0","0"
"307EJun1808","1167","1","HERMES         ","22","80","0","49","98","12","250","0","0"
"307EJun1808","1168","1","LAVIUS         ","22","11","0","50","100","10","250","0","0"
"307EJun1808","1425","15","ROSE           ","40","79","16","35","99","8","500","4216","400"
"307EJun1808","1426","7","ARROW          ","72","76","0","44","97","13","350","0","0"
"307EJun1808","1427","7","HOLLY          ","40","79","16","44","98","14","350","4216","150"
"307EJun1808","1428","19","DEFENCE        ","53","80","15","29","96","16","700","4230","300"
"307EJun1808","1429","11","DILIGENT       ","13","19","27","40","100","24","400","0","0"
"307EMar1808","1124","25","VICTORY        ","28","20","14","19","94","5","1100","0","0"
"307EMar1808","1125","25","BRITANNIA      ","23","20","0","20","100","7","1100","0","0"
"307EMar1808","1126","25","ROYAL SOVEREIGN","38","53","0","20","100","10","1100","0","0"
"307EMar1808","1127","23","NEPTUNE        ","38","53","0","20","100","8","950","0","0"
"307EMar1808","1128","23","ELEPHANT       ","56","79","0","20","100","3","950","0","0"
"307EMar1808","1129","23","PRINCE OF WALES","1","15","0","19","97","14","950","0","0"
"307EMar1808","1130","23","TONNANT        ","23","20","0","20","100","11","950","0","0"
"307EMar1808","1131","23","DREADNOUGHT    ","9","46","0","20","100","4","950","0","0"
"307EMar1808","1132","21","CRESSY         ","28","20","14","23","93","7","800","0","0"
"307EMar1808","1133","21","ORION          ","28","20","14","23","93","10","800","0","0"
"307EMar1808","1134","19","LEVIATHAN      ","23","20","0","30","100","8","700","0","0"
"307EMar1808","1135","19","ORION          ","23","20","0","30","100","8","700","0","0"
"307EMar1808","1136","19","SPARTIATE      ","1","15","0","29","98","6","700","0","0"
"307EMar1808","1137","19","SWIFTSURE      ","56","79","0","30","100","14","700","0","0"
"307EMar1808","1138","19","CONQUEROR      ","9","46","0","30","100","5","700","0","0"
"307EMar1808","1139","19","GALLAND        ","62","88","13","30","100","11","700","4148","500"
"307EMar1808","1140","19","THUNDERER      ","1","15","0","29","98","16","700","0","0"
"307EMar1808","1141","19","MINOTAUR       ","38","53","0","30","100","7","700","0","0"
"307EMar1808","1142","19","REVENGE        ","62","88","13","30","100","10","700","4148","300"
"307EMar1808","1143","19","AJAX           ","47","47","0","30","100","12","700","0","0"
"307EMar1808","1144","17","SPECULATOR     ","56","79","0","30","100","5","600","0","0"
"307EMar1808","1145","17","AFRICA         ","9","46","0","30","100","8","600","0","0"
"307EMar1808","1146","17","ARDENT         ","28","20","14","28","93","11","600","0","0"
"307EMar1808","1147","17","AGAMEMNON      ","23","20","0","30","100","5","600","0","0"
"307EMar1808","1148","17","HERCULES       ","47","47","0","30","100","8","600","0","0"
"307EMar1808","1149","17","KING GEORGE    ","24","77","12","30","100","11","600","4144","400"
"307EMar1808","1150","17","POLYPHEMUS     ","9","46","0","30","100","12","600","0","0"
"307EMar1808","1151","15","SUSSEX         ","38","53","0","35","100","6","500","0","0"
"307EMar1808","1152","15","ACTIVE         ","9","46","0","35","100","8","500","0","0"
"307EMar1808","1153","15","ISIS           ","24","77","12","35","100","9","500","4144","400"
"307EMar1808","1154","15","CENTURION      ","47","47","0","35","100","13","500","0","0"
"307EMar1808","1155","15","MARTIN         ","23","20","0","35","100","7","500","0","0"
"307EMar1808","1156","13","ROMULUS        ","28","20","14","37","93","4","450","0","0"
"307EMar1808","1157","11","GLORY          ","47","47","0","40","100","11","400","0","0"
"307EMar1808","1158","11","DRAKE          ","24","77","12","40","100","16","400","4144","250"
"307EMar1808","1159","11","HOTSPUR        ","9","46","0","40","100","4","400","0","0"
"307EMar1808","1160","11","DART           ","47","47","0","40","100","11","400","0","0"
"307EMar1808","1161","11","ALEMENE        ","56","79","0","40","100","9","400","0","0"
"307EMar1808","1162","11","BLANCHE        ","62","88","13","40","100","9","400","0","0"
"307EMar1808","1163","7","DIADEM         ","56","79","0","45","100","5","350","0","0"
"307EMar1808","1164","5","AMAZON         ","9","46","0","45","100","13","300","0","0"
"307EMar1808","1165","1","AQUILON        ","23","20","0","50","100","8","250","0","0"
"307EMar1808","1166","1","CIRCE          ","24","77","0","50","100","5","250","0","0"
"307EMar1808","1167","1","HERMES         ","24","77","0","50","100","9","250","0","0"
"307EMar1808","1168","1","LAVIUS         ","22","11","0","50","100","7","250","0","0"
"307EMar1808","1425","15","ROSE           ","13","19","15","35","100","5","500","0","0"
"307EMar1808","1426","7","ARROW          ","13","19","0","45","100","10","350","0","0"
"307EMar1808","1427","7","HOLLY          ","13","19","0","45","100","11","350","0","0"
"307EMar1808","1428","19","DEFENCE        ","13","19","0","30","100","13","700","0","0"
"307EMar1808","1429","11","DILIGENT       ","13","19","15","40","100","21","400","0","0"
"307EMay1808","1124","25","VICTORY        ","13","19","14","19","93","7","1100","0","0"
"307EMay1808","1125","25","BRITANNIA      ","23","20","0","20","100","9","1100","0","0"
"307EMay1808","1126","25","ROYAL SOVEREIGN","18","47","18","20","99","12","1100","0","0"
"307EMay1808","1127","23","NEPTUNE        ","18","47","18","20","98","10","950","0","0"
"307EMay1808","1128","23","ELEPHANT       ","56","79","0","20","100","5","950","0","0"
"307EMay1808","1129","23","PRINCE OF WALES","13","19","19","19","95","16","950","0","0"
"307EMay1808","1130","23","TONNANT        ","23","20","0","20","100","13","950","0","0"
"307EMay1808","1131","23","DREADNOUGHT    ","13","19","0","19","96","6","950","0","0"
"307EMay1808","1132","21","CRESSY         ","13","19","14","23","92","9","800","0","0"
"307EMay1808","1133","21","ORION          ","13","19","14","23","92","12","800","0","0"
"307EMay1808","1134","19","LEVIATHAN      ","23","20","20","30","100","10","700","0","0"
"307EMay1808","1135","19","ORION          ","23","20","20","30","100","10","700","0","0"
"307EMay1808","1136","19","SPARTIATE      ","13","19","19","29","97","8","700","0","0"
"307EMay1808","1137","19","SWIFTSURE      ","56","79","0","30","100","16","700","0","0"
"307EMay1808","1138","19","CONQUEROR      ","13","19","0","29","97","7","700","0","0"
"307EMay1808","1139","19","GALLAND        ","71","74","13","24","81","13","700","0","0"
"307EMay1808","1140","19","THUNDERER      ","13","19","19","29","96","18","700","0","0"
"307EMay1808","1141","19","MINOTAUR       ","13","19","17","29","96","9","700","0","0"
"307EMay1808","1142","19","REVENGE        ","71","74","13","25","82","12","700","0","0"
"307EMay1808","1143","19","AJAX           ","38","53","0","28","92","14","700","0","0"
"307EMay1808","1144","17","SPECULATOR     ","56","79","0","30","100","7","600","0","0"
"307EMay1808","1145","17","AFRICA         ","13","19","0","28","95","10","600","0","0"
"307EMay1808","1146","17","ARDENT         ","13","19","14","28","92","13","600","0","0"
"307EMay1808","1147","17","AGAMEMNON      ","23","20","20","30","100","7","600","0","0"
"307EMay1808","1148","17","HERCULES       ","38","53","0","28","92","10","600","0","0"
"307EMay1808","1149","17","KING GEORGE    ","18","91","12","30","99","13","600","0","0"
"307EMay1808","1150","17","POLYPHEMUS     ","13","19","0","29","97","14","600","0","0"
"307EMay1808","1151","15","SUSSEX         ","18","47","18","34","98","8","500","0","0"
"307EMay1808","1152","15","ACTIVE         ","13","19","0","35","99","10","500","0","0"
"307EMay1808","1153","15","ISIS           ","18","91","12","35","99","11","500","0","0"
"307EMay1808","1154","15","CENTURION      ","38","53","0","32","92","15","500","0","0"
"307EMay1808","1155","15","MARTIN         ","23","20","20","35","100","9","500","0","0"
"307EMay1808","1156","13","ROMULUS        ","13","19","14","36","91","6","450","0","0"
"307EMay1808","1157","11","GLORY          ","38","53","0","38","95","13","400","0","0"
"307EMay1808","1158","11","DRAKE          ","18","91","12","40","99","18","400","0","0"
"307EMay1808","1159","11","HOTSPUR        ","13","19","25","40","99","6","400","4415","250"
"307EMay1808","1160","11","DART           ","38","53","0","37","93","13","400","0","0"
"307EMay1808","1161","11","ALEMENE        ","1","41","23","40","99","11","400","0","0"
"307EMay1808","1162","11","BLANCHE        ","71","74","13","33","82","11","400","0","0"
"307EMay1808","1163","7","DIADEM         ","1","41","23","45","99","7","350","0","0"
"307EMay1808","1164","5","AMAZON         ","13","19","0","44","98","15","300","0","0"
"307EMay1808","1165","1","AQUILON        ","23","20","26","50","100","10","250","0","0"
"307EMay1808","1166","1","CIRCE          ","24","77","0","50","100","7","250","0","0"
"307EMay1808","1167","1","HERMES         ","22","80","0","49","98","11","250","0","0"
"307EMay1808","1168","1","LAVIUS         ","22","11","0","50","100","9","250","0","0"
"307EMay1808","1425","15","ROSE           ","13","19","16","35","100","7","500","4216","400"
"307EMay1808","1426","7","ARROW          ","51","87","0","44","98","12","350","0","0"
"307EMay1808","1427","7","HOLLY          ","13","19","16","45","100","13","350","4216","150"
"307EMay1808","1428","19","DEFENCE        ","51","81","15","29","98","15","700","4230","300"
"307EMay1808","1429","11","DILIGENT       ","13","19","24","40","100","23","400","0","0"
"307EMay1809","1124","25","VICTORY        ","14","19","11","20","98","19","1100","0","0"
"307EMay1809","1125","25","BRITANNIA      ","14","19","11","20","99","21","1100","0","0"
"307EMay1809","1126","25","ROYAL SOVEREIGN","14","19","11","20","98","24","1100","0","0"
"307EMay1809","1127","23","NEPTUNE        ","14","19","11","20","99","22","950","0","0"
"307EMay1809","1128","23","ELEPHANT       ","14","19","11","20","98","17","950","0","0"
"307EMay1809","1129","23","PRINCE OF WALES","14","19","11","19","96","28","928","0","0"
"307EMay1809","1130","23","TONNANT        ","14","19","11","20","99","25","950","0","0"
"307EMay1809","1131","23","DREADNOUGHT    ","14","19","11","20","99","18","950","0","0"
"307EMay1809","1132","21","CRESSY         ","14","19","11","25","99","21","800","0","0"
"307EMay1809","1133","21","ORION          ","14","19","11","24","98","24","800","0","0"
"307EMay1809","1134","19","LEVIATHAN      ","14","19","11","30","99","22","700","0","0"
"307EMay1809","1135","19","ORION          ","14","19","11","30","99","22","700","0","0"
"307EMay1809","1136","19","SPARTIATE      ","14","19","11","29","98","20","700","0","0"
"307EMay1809","1137","19","SWIFTSURE      ","14","19","11","30","99","28","700","0","0"
"307EMay1809","1138","19","CONQUEROR      ","14","19","11","28","95","19","677","0","0"
"307EMay1809","1139","19","GALLAND        ","14","19","11","30","99","25","700","0","0"
"307EMay1809","1140","19","THUNDERER      ","14","19","11","29","98","30","700","0","0"
"307EMay1809","1141","19","MINOTAUR       ","82","89","27","26","88","21","700","0","0"
"307EMay1809","1142","19","REVENGE        ","14","19","11","29","98","24","700","0","0"
"307EMay1809","1143","19","AJAX           ","38","53","28","28","92","26","700","0","0"
"307EMay1809","1147","17","AGAMEMNON      ","14","19","11","22","75","19","496","0","0"
"307EMay1809","1148","17","HERCULES       ","38","53","28","28","92","22","600","0","0"
"307EMay1809","1149","17","KING GEORGE    ","13","74","12","25","84","25","600","0","0"
"307EMay1809","1152","15","ACTIVE         ","82","89","27","32","91","22","500","0","0"
"307EMay1809","1153","15","ISIS           ","13","74","12","29","82","23","500","0","0"
"307EMay1809","1154","15","CENTURION      ","38","53","28","32","92","27","500","0","0"
"307EMay1809","1157","11","GLORY          ","38","53","28","38","95","25","400","0","0"
"307EMay1809","1158","11","DRAKE          ","13","74","12","34","84","30","400","0","0"
"307EMay1809","1161","11","ALEMENE        ","24","77","23","37","93","23","400","0","0"
"307EMay1809","1162","11","BLANCHE        ","62","88","0","30","75","23","400","0","0"
"307EMay1809","1163","7","DIADEM         ","24","77","23","42","94","19","350","0","0"
"307EMay1809","1164","5","AMAZON         ","82","89","27","40","90","27","300","0","0"
"307EMay1809","1166","1","CIRCE          ","24","77","0","50","100","19","250","0","0"
"307EMay1809","1167","1","HERMES         ","26","92","0","41","82","23","250","0","0"
"307EMay1809","1168","1","LAVIUS         ","28","20","0","45","90","21","250","0","0"
"307EMay1809","1289","25","IMP. ALEXANDER ","14","19","11","20","99","26","1100","0","0"
"307EMay1809","1290","23","F?RST REPNIN   ","14","19","11","20","98","19","950","0","0"
"307EMay1809","1291","21","TWARDY         ","14","19","11","25","99","24","800","0","0"
"307EMay1809","1292","21","DIMITRI        ","14","19","11","25","99","20","800","0","0"
"307EMay1809","1294","19","KOLJA          ","14","19","11","28","92","22","665","0","0"
"307EMay1809","1295","19","CHARTSCHENKO   ","14","19","11","29","98","21","700","0","0"
"307EMay1809","1297","17","ALESCHA        ","14","19","11","22","75","23","497","0","0"
"307EMay1809","1298","17","MARKUSCHIN     ","13","19","14","9","29","23","94","0","0"
"307EMay1809","1302","15","PONOWIE        ","13","19","14","34","96","24","500","0","0"
"307EMay1809","1305","13","BATJUSCHKA     ","14","19","11","16","39","22","296","0","0"
"307EMay1809","1307","11","MAZNEW         ","12","19","0","40","100","28","400","0","0"
"307EMay1809","1310","11","ARTEMJEW       ","14","19","11","12","29","23","255","0","0"
"307EMay1809","1425","15","ROSE           ","86","95","16","24","69","19","500","0","0"
"307EMay1809","1426","7","ARROW          ","70","75","0","43","95","24","350","0","0"
"307EMay1809","1427","7","HOLLY          ","86","95","16","30","67","25","350","0","0"
"307EMay1809","1428","19","DEFENCE        ","14","19","11","29","98","27","700","0","0"
"307ENov1808","1141","19","MINOTAUR       ","75","91","27","27","89","15","700","0","0"
"307ENov1808","1152","15","ACTIVE         ","75","91","27","32","92","16","500","0","0"
"307ENov1808","1162","11","BLANCHE        ","62","88","0","30","75","17","400","0","0"
"307ENov1808","1164","5","AMAZON         ","75","91","27","41","92","21","300","0","0"
"307ENov1808","1426","7","ARROW          ","71","74","0","43","95","18","350","0","0"
"307ENov1809","1124","25","VICTORY        ","23","20","11","18","90","25","1100","4002","600"
"307ENov1809","1125","25","BRITANNIA      ","23","20","11","19","93","27","1100","4002","600"
"307ENov1809","1126","25","ROYAL SOVEREIGN","23","20","11","18","91","30","1100","4002","547"
"307ENov1809","1127","23","NEPTUNE        ","23","20","11","18","91","28","950","4003","600"
"307ENov1809","1128","23","ELEPHANT       ","23","20","11","18","89","23","950","4003","600"
"307ENov1809","1129","23","PRINCE OF WALES","23","20","11","17","87","34","928","4003","600"
"307ENov1809","1130","23","TONNANT        ","23","20","11","18","92","31","950","4003","280"
"307ENov1809","1131","23","DREADNOUGHT    ","23","20","11","19","94","24","950","4015","600"
"307ENov1809","1132","21","CRESSY         ","23","20","11","22","90","27","800","4015","500"
"307ENov1809","1133","21","ORION          ","23","20","11","22","90","30","800","4015","20"
"307ENov1809","1134","19","LEVIATHAN      ","23","20","11","27","90","28","700","4048","500"
"307ENov1809","1135","19","ORION          ","23","20","11","27","90","28","700","4048","500"
"307ENov1809","1136","19","SPARTIATE      ","23","20","11","28","92","26","700","4048","120"
"307ENov1809","1137","19","SWIFTSURE      ","23","20","11","28","94","34","700","4217","500"
"307ENov1809","1138","19","CONQUEROR      ","23","20","11","26","87","25","677","4217","500"
"307ENov1809","1139","19","GALLAND        ","23","20","11","27","91","31","700","4217","120"
"307ENov1809","1140","19","THUNDERER      ","23","20","11","27","89","36","700","4234","500"
"307ENov1809","1141","19","MINOTAUR       ","81","88","27","25","82","27","700","0","0"
"307ENov1809","1142","19","REVENGE        ","23","20","11","26","88","30","700","4234","500"
"307ENov1809","1147","17","AGAMEMNON      ","23","20","11","20","66","25","496","4234","120"
"307ENov1809","1149","17","KING GEORGE    ","60","99","12","24","79","31","600","4144","400"
"307ENov1809","1152","15","ACTIVE         ","81","88","27","29","84","28","500","0","0"
"307ENov1809","1153","15","ISIS           ","60","99","12","27","76","29","500","4144","400"
"307ENov1809","1157","11","GLORY          ","38","53","13","38","95","31","400","0","0"
"307ENov1809","1158","11","DRAKE          ","60","99","12","32","79","36","400","4144","250"
"307ENov1809","1160","11","DART           ","38","33","0","36","91","31","400","0","0"
"307ENov1809","1161","11","ALEMENE        ","22","24","0","33","82","29","400","0","0"
"307ENov1809","1162","11","BLANCHE        ","62","88","0","30","75","29","400","0","0"
"307ENov1809","1163","7","DIADEM         ","13","19","14","38","84","25","350","0","0"
"307ENov1809","1164","5","AMAZON         ","81","88","27","38","85","33","300","0","0"
"307ENov1809","1165","1","AQUILON        ","14","19","0","44","89","28","250","0","0"
"307ENov1809","1166","1","CIRCE          ","1","20","17","49","98","25","250","0","0"
"307ENov1809","1167","1","HERMES         ","26","92","0","41","82","29","250","0","0"
"307ENov1809","1168","1","LAVIUS         ","28","20","0","45","90","27","250","0","0"
"307ENov1809","1289","25","IMP. ALEXANDER ","23","20","11","18","91","32","1100","4982","600"
"307ENov1809","1290","23","F?RST REPNIN   ","23","20","11","18","90","25","950","4982","380"
"307ENov1809","1294","19","KOLJA          ","23","20","16","26","87","28","665","0","0"
"307ENov1809","1295","19","CHARTSCHENKO   ","23","20","11","28","92","27","700","0","0"
"307ENov1809","1297","17","ALESCHA        ","13","19","21","21","70","29","497","4004","400"
"307ENov1809","1302","15","PONOWIE        ","13","19","14","31","90","30","500","0","0"
"307ENov1809","1307","11","MAZNEW         ","13","19","14","36","90","34","400","0","0"
"307ENov1809","1425","15","ROSE           ","81","88","27","21","61","25","500","0","0"
"307ENov1809","1426","7","ARROW          ","81","88","27","38","84","30","350","0","0"
"307ENov1809","1427","7","HOLLY          ","81","88","27","27","60","31","350","0","0"
"307ENov1809","1428","19","DEFENCE        ","23","20","11","27","89","33","700","0","0"
"307EOct1808","1141","19","MINOTAUR       ","84","86","27","27","90","14","700","0","0"
"307EOct1808","1152","15","ACTIVE         ","84","86","27","33","94","15","500","0","0"
"307EOct1808","1162","11","BLANCHE        ","56","91","0","31","77","16","400","0","0"
"307EOct1808","1164","5","AMAZON         ","84","86","27","42","93","20","300","0","0"
"307EOct1808","1426","7","ARROW          ","71","74","0","43","95","17","350","0","0"
"307EOct1809","1124","25","VICTORY        ","34","17","11","18","91","24","1100","0","0"
"307EOct1809","1125","25","BRITANNIA      ","34","17","11","19","94","26","1100","0","0"
"307EOct1809","1126","25","ROYAL SOVEREIGN","34","17","11","19","93","29","1100","0","0"
"307EOct1809","1127","23","NEPTUNE        ","34","17","11","19","93","27","950","0","0"
"307EOct1809","1128","23","ELEPHANT       ","34","17","11","18","91","22","950","0","0"
"307EOct1809","1129","23","PRINCE OF WALES","34","17","11","18","88","33","928","0","0"
"307EOct1809","1130","23","TONNANT        ","34","17","11","19","93","30","950","0","0"
"307EOct1809","1131","23","DREADNOUGHT    ","34","17","11","19","95","23","950","0","0"
"307EOct1809","1132","21","CRESSY         ","34","17","11","23","92","26","800","0","0"
"307EOct1809","1133","21","ORION          ","34","17","11","23","92","29","800","0","0"
"307EOct1809","1134","19","LEVIATHAN      ","34","17","11","28","92","27","700","0","0"
"307EOct1809","1135","19","ORION          ","34","17","11","28","92","27","700","0","0"
"307EOct1809","1136","19","SPARTIATE      ","34","17","11","28","93","25","700","0","0"
"307EOct1809","1137","19","SWIFTSURE      ","34","17","11","28","95","33","700","0","0"
"307EOct1809","1138","19","CONQUEROR      ","34","17","11","26","88","24","677","0","0"
"307EOct1809","1139","19","GALLAND        ","34","17","11","28","93","30","700","0","0"
"307EOct1809","1140","19","THUNDERER      ","34","17","11","27","91","35","700","0","0"
"307EOct1809","1141","19","MINOTAUR       ","81","88","27","25","84","26","700","4494","457"
"307EOct1809","1142","19","REVENGE        ","34","17","11","27","90","29","700","0","0"
"307EOct1809","1147","17","AGAMEMNON      ","34","17","11","20","68","24","496","0","0"
"307EOct1809","1149","17","KING GEORGE    ","27","77","12","24","81","30","600","4144","400"
"307EOct1809","1152","15","ACTIVE         ","81","88","27","30","86","27","500","0","0"
"307EOct1809","1153","15","ISIS           ","27","77","12","27","78","28","500","4144","400"
"307EOct1809","1157","11","GLORY          ","38","53","13","38","95","30","400","0","0"
"307EOct1809","1158","11","DRAKE          ","27","77","12","32","80","35","400","4144","250"
"307EOct1809","1160","11","DART           ","38","33","0","36","91","30","400","0","0"
"307EOct1809","1161","11","ALEMENE        ","14","19","0","34","84","28","400","0","0"
"307EOct1809","1162","11","BLANCHE        ","62","88","0","30","75","28","400","0","0"
"307EOct1809","1163","7","DIADEM         ","14","19","14","39","86","24","350","0","0"
"307EOct1809","1164","5","AMAZON         ","81","88","27","39","86","32","300","0","0"
"307EOct1809","1165","1","AQUILON        ","14","19","0","44","89","27","250","0","0"
"307EOct1809","1166","1","CIRCE          ","1","20","17","49","98","24","250","0","0"
"307EOct1809","1167","1","HERMES         ","26","92","0","41","82","28","250","0","0"
"307EOct1809","1168","1","LAVIUS         ","28","20","0","45","90","26","250","0","0"
"307EOct1809","1289","25","IMP. ALEXANDER ","34","17","11","19","93","31","1100","0","0"
"307EOct1809","1290","23","F?RST REPNIN   ","34","17","11","18","92","24","950","0","0"
"307EOct1809","1294","19","KOLJA          ","23","20","16","26","87","27","665","0","0"
"307EOct1809","1295","19","CHARTSCHENKO   ","34","17","11","28","94","26","700","0","0"
"307EOct1809","1297","17","ALESCHA        ","13","19","0","21","70","28","497","0","0"
"307EOct1809","1302","15","PONOWIE        ","14","19","14","32","92","29","500","0","0"
"307EOct1809","1307","11","MAZNEW         ","14","19","14","37","92","33","400","0","0"
"307EOct1809","1425","15","ROSE           ","81","88","27","22","62","24","500","0","0"
"307EOct1809","1426","7","ARROW          ","81","88","0","39","86","29","350","0","0"
"307EOct1809","1427","7","HOLLY          ","81","88","27","28","62","30","350","0","0"
"307EOct1809","1428","19","DEFENCE        ","34","17","11","27","91","32","700","0","0"
"307ESep1808","1124","25","VICTORY        ","38","15","19","18","91","11","1100","0","0"
"307ESep1808","1125","25","BRITANNIA      ","38","15","20","20","98","13","1100","0","0"
"307ESep1808","1126","25","ROYAL SOVEREIGN","18","21","18","19","94","16","1100","0","0"
"307ESep1808","1127","23","NEPTUNE        ","18","21","18","19","94","14","950","0","0"
"307ESep1808","1128","23","ELEPHANT       ","13","19","0","19","95","9","950","0","0"
"307ESep1808","1129","23","PRINCE OF WALES","38","15","19","18","92","20","950","0","0"
"307ESep1808","1130","23","TONNANT        ","38","15","20","20","99","17","950","0","0"
"307ESep1808","1131","23","DREADNOUGHT    ","38","15","19","19","93","10","950","0","0"
"307ESep1808","1132","21","CRESSY         ","38","15","19","22","90","13","800","0","0"
"307ESep1808","1133","21","ORION          ","38","15","19","22","89","16","800","0","0"
"307ESep1808","1134","19","LEVIATHAN      ","38","15","20","29","98","14","700","0","0"
"307ESep1808","1135","19","ORION          ","38","15","20","29","98","14","700","0","0"
"307ESep1808","1136","19","SPARTIATE      ","38","15","19","28","93","12","700","0","0"
"307ESep1808","1137","19","SWIFTSURE      ","38","15","19","28","95","20","700","0","0"
"307ESep1808","1138","19","CONQUEROR      ","38","15","19","28","95","11","700","0","0"
"307ESep1808","1139","19","GALLAND        ","56","91","24","23","78","17","700","0","0"
"307ESep1808","1140","19","THUNDERER      ","38","15","19","28","92","22","700","0","0"
"307ESep1808","1141","19","MINOTAUR       ","83","75","27","27","91","13","700","4494","480"
"307ESep1808","1142","19","REVENGE        ","56","91","24","24","79","16","700","0","0"
"307ESep1808","1143","19","AJAX           ","38","53","28","28","92","18","700","0","0"
"307ESep1808","1144","17","SPECULATOR     ","38","15","19","28","93","11","600","0","0"
"307ESep1808","1145","17","AFRICA         ","38","15","19","28","92","14","600","0","0"
"307ESep1808","1146","17","ARDENT         ","38","15","29","26","88","17","600","0","0"
"307ESep1808","1147","17","AGAMEMNON      ","38","15","20","30","99","11","600","0","0"
"307ESep1808","1148","17","HERCULES       ","38","53","28","28","92","14","600","0","0"
"307ESep1808","1149","17","KING GEORGE    ","16","73","12","28","92","17","600","0","0"
"307ESep1808","1150","17","POLYPHEMUS     ","38","15","19","28","93","18","600","0","0"
"307ESep1808","1151","15","SUSSEX         ","12","20","0","32","91","12","500","0","0"
"307ESep1808","1152","15","ACTIVE         ","83","75","27","33","95","14","500","0","0"
"307ESep1808","1153","15","ISIS           ","16","73","12","32","91","15","500","0","0"
"307ESep1808","1154","15","CENTURION      ","38","53","28","32","92","19","500","0","0"
"307ESep1808","1155","15","MARTIN         ","38","15","20","34","98","13","500","0","0"
"307ESep1808","1156","13","ROMULUS        ","38","15","29","35","87","10","450","0","0"
"307ESep1808","1157","11","GLORY          ","38","53","28","38","95","17","400","0","0"
"307ESep1808","1158","11","DRAKE          ","16","73","12","37","92","22","400","0","0"
"307ESep1808","1159","11","HOTSPUR        ","18","21","15","37","92","10","400","0","0"
"307ESep1808","1160","11","DART           ","38","33","0","36","91","17","400","0","0"
"307ESep1808","1161","11","ALEMENE        ","24","77","23","37","93","15","400","0","0"
"307ESep1808","1162","11","BLANCHE        ","56","91","24","32","80","15","400","0","0"
"307ESep1808","1163","7","DIADEM         ","24","77","23","42","94","11","350","0","0"
"307ESep1808","1164","5","AMAZON         ","83","75","27","42","94","19","300","0","0"
"307ESep1808","1165","1","AQUILON        ","38","15","0","49","98","14","250","0","0"
"307ESep1808","1166","1","CIRCE          ","24","77","0","50","100","11","250","0","0"
"307ESep1808","1167","1","HERMES         ","26","92","0","48","96","15","250","0","0"
"307ESep1808","1168","1","LAVIUS         ","34","17","0","46","92","13","250","0","0"
"307ESep1808","1425","15","ROSE           ","24","77","16","32","91","11","500","0","0"
"307ESep1808","1426","7","ARROW          ","71","74","0","43","95","16","350","0","0"
"307ESep1808","1427","7","HOLLY          ","24","77","16","40","89","17","350","0","0"
"307ESep1808","1428","19","DEFENCE        ","18","21","15","27","91","19","700","0","0"
"307ESep1808","1429","11","DILIGENT       ","38","15","29","39","98","27","400","0","0"
"307ESep1809","1124","25","VICTORY        ","23","20","11","19","93","23","1100","4523","600"
"307ESep1809","1125","25","BRITANNIA      ","23","20","11","19","95","25","1100","4523","198"
"307ESep1809","1126","25","ROYAL SOVEREIGN","23","20","11","19","95","28","1100","4620","600"
"307ESep1809","1127","23","NEPTUNE        ","23","20","11","19","95","26","950","4620","195"
"307ESep1809","1128","23","ELEPHANT       ","23","20","11","19","93","21","950","4778","600"
"307ESep1809","1129","23","PRINCE OF WALES","23","20","11","18","90","32","928","4778","198"
"307ESep1809","1130","23","TONNANT        ","23","20","11","19","95","29","950","4797","600"
"307ESep1809","1131","23","DREADNOUGHT    ","23","20","11","19","96","22","950","4797","198"
"307ESep1809","1132","21","CRESSY         ","23","20","11","23","94","25","800","4822","500"
"307ESep1809","1133","21","ORION          ","23","20","11","23","93","28","800","4822","298"
"307ESep1809","1134","19","LEVIATHAN      ","23","20","11","28","94","26","700","4833","500"
"307ESep1809","1135","19","ORION          ","23","20","11","28","94","26","700","4833","300"
"307ESep1809","1136","19","SPARTIATE      ","23","20","11","28","94","24","700","4935","500"
"307ESep1809","1137","19","SWIFTSURE      ","23","20","11","29","96","32","700","4935","500"
"307ESep1809","1138","19","CONQUEROR      ","23","20","11","27","90","23","677","4935","116"
"307ESep1809","1139","19","GALLAND        ","23","20","11","28","95","29","700","4843","500"
"307ESep1809","1140","19","THUNDERER      ","23","20","11","28","93","34","700","4843","300"
"307ESep1809","1141","19","MINOTAUR       ","76","86","27","25","85","25","700","0","0"
"307ESep1809","1142","19","REVENGE        ","23","20","11","28","92","28","700","4852","500"
"307ESep1809","1143","19","AJAX           ","38","53","28","28","92","30","700","0","0"
"307ESep1809","1147","17","AGAMEMNON      ","23","20","11","21","70","23","496","4852","300"
"307ESep1809","1148","17","HERCULES       ","38","53","28","28","92","26","600","0","0"
"307ESep1809","1149","17","KING GEORGE    ","29","79","12","25","82","29","600","0","0"
"307ESep1809","1152","15","ACTIVE         ","76","86","27","30","87","26","500","0","0"
"307ESep1809","1153","15","ISIS           ","29","79","12","28","80","27","500","0","0"
"307ESep1809","1154","15","CENTURION      ","38","53","28","32","92","31","500","0","0"
"307ESep1809","1157","11","GLORY          ","38","53","28","38","95","29","400","0","0"
"307ESep1809","1158","11","DRAKE          ","29","79","12","33","82","34","400","0","0"
"307ESep1809","1160","11","DART           ","38","33","0","36","91","29","400","0","0"
"307ESep1809","1161","11","ALEMENE        ","14","19","0","34","84","27","400","0","0"
"307ESep1809","1162","11","BLANCHE        ","62","88","0","30","75","27","400","0","0"
"307ESep1809","1163","7","DIADEM         ","13","19","14","40","88","23","350","0","0"
"307ESep1809","1164","5","AMAZON         ","76","86","27","39","87","31","300","0","0"
"307ESep1809","1165","1","AQUILON        ","23","20","0","45","91","26","250","0","0"
"307ESep1809","1166","1","CIRCE          ","24","77","0","50","100","23","250","0","0"
"307ESep1809","1167","1","HERMES         ","26","92","0","41","82","27","250","0","0"
"307ESep1809","1168","1","LAVIUS         ","28","20","0","45","90","25","250","0","0"
"307ESep1809","1289","25","IMP. ALEXANDER ","23","20","11","19","95","30","1100","4927","600"
"307ESep1809","1290","23","F?RST REPNIN   ","23","20","11","19","94","23","950","4927","516"
"307ESep1809","1291","21","TWARDY         ","5","41","15","23","94","28","800","0","0"
"307ESep1809","1292","21","DIMITRI        ","5","41","15","24","95","24","800","0","0"
"307ESep1809","1294","19","KOLJA          ","23","20","11","26","87","26","665","0","0"
"307ESep1809","1295","19","CHARTSCHENKO   ","23","20","11","28","95","25","700","0","0"
"307ESep1809","1297","17","ALESCHA        ","13","19","0","21","70","27","497","0","0"
"307ESep1809","1302","15","PONOWIE        ","13","19","14","33","94","28","500","0","0"
"307ESep1809","1307","11","MAZNEW         ","13","19","14","37","93","32","400","0","0"
"307ESep1809","1425","15","ROSE           ","76","86","16","22","64","23","500","0","0"
"307ESep1809","1426","7","ARROW          ","81","89","0","39","87","28","350","0","0"
"307ESep1809","1427","7","HOLLY          ","76","86","16","28","63","29","350","0","0"
"307ESep1809","1428","19","DEFENCE        ","23","20","11","28","92","31","700","0","0"
"348BAug1809","1023","1","GELDERN        ","90","97","12","44","88","24","250","0","0"
"348BSep1809","1023","1","GELDERN        ","90","97","12","44","88","25","250","0","0"
"348EAug1809","1023","1","GELDERN        ","90","97","12","44","88","24","250","0","0"
"348ESep1809","1023","1","GELDERN        ","90","97","12","44","88","25","250","0","0"
"test","1049","25","S. TRINIDAD    ","18","41","0","20","100","11","1100","0","0"
"test","1050","23","SANTA ANA      ","18","41","0","20","100","9","950","0","0"
"test","1051","23","RAYO           ","7","34","0","20","100","7","950","0","0"
"test","1052","21","NEPTUNO        ","18","41","0","25","100","17","800","0","0"
"test","1053","19","SAN AUGUSTIN   ","18","41","0","30","100","10","700","0","0"
"test","1054","19","MONTANEZ       ","22","80","21","30","100","4","700","4161","500"
"test","1055","19","SAN JUSTO      ","7","34","0","30","100","12","700","0","0"
"test","1056","19","BAHAMA         ","18","41","0","30","100","7","700","0","0"
"test","1057","19","MONARCO        ","90","84","31","30","100","8","700","4128","500"
"test","1058","17","SAN LEANDRO    ","7","34","0","30","100","15","600","0","0"
"test","1059","17","SAN JUAN       ","18","41","0","30","100","10","600","0","0"
"test","1060","17","MONARCA        ","18","41","0","30","100","3","600","0","0"
"test","1061","15","CISNEROS       ","22","80","21","35","100","4","500","4161","400"
"test","1062","15","S.F. DE ASIS   ","18","41","11","35","100","2","500","0","0"
"test","1063","15","SAN OMBLIGOS   ","18","41","0","35","100","3","500","0","0"
"test","1064","13","CORDEZ         ","90","84","31","40","100","6","450","4128","300"
"test","1065","13","VESPUCCIO      ","18","41","0","40","100","8","450","0","0"
"test","1066","13","SANCHEZ        ","18","41","0","40","100","12","450","0","0"
"test","1067","13","ARGONAUTA      ","7","34","0","40","100","14","450","0","0"
"test","1068","11","LEONARDO       ","90","84","31","40","100","11","400","4128","250"
"test","1069","11","PHILLIPE       ","90","84","31","40","100","5","400","4128","250"
"test","1070","11","SAN ILDEFONSO  ","7","34","0","40","100","5","400","0","0"
"test","1071","11","CORDOBA        ","18","41","0","40","100","7","400","0","0"
"test","1072","7","SAN JUSTO      ","18","41","0","45","100","6","350","0","0"
"test","1073","7","ESPANIA        ","22","80","21","45","100","7","350","4161","200"
"test","1074","5","LAREDO         ","22","80","21","45","100","8","250","4161","150"
"test","1075","1","CADEZ          ","22","80","0","50","100","11","250","0","0"
"test","1076","1","MATRODIAS      ","7","34","0","50","100","9","250","0","0"
