"TurnId","OrderNo","BrigadeOrFederation"
"306EAug1808","1",""
"306EAug1808","2",""
"306EAug1808","3",""
"306EAug1808","4",""
"306EAug1808","5",""
"306EAug1808","6",""
"306EAug1808","7",""
"306EAug1808","8",""
"306EAug1808","9",""
"306EAug1808","10",""
"306EAug1808","11",""
"306EAug1808","12",""
"306EAug1808","13",""
"306EAug1808","14",""
"306EAug1808","15",""
"306EAug1808","16",""
"306EDec1808","1",""
"306EDec1808","2",""
"306EDec1808","3",""
"306EDec1808","4",""
"306EDec1808","5",""
"306EDec1808","6",""
"306EDec1808","7",""
"306EDec1808","8",""
"306EDec1808","9",""
"306EDec1808","10",""
"306EDec1808","11",""
"306EDec1808","12",""
"306EDec1808","13",""
"306EDec1808","14",""
"306EDec1808","15",""
"306EDec1808","16",""
"306EFeb1808","1",""
"306EFeb1808","2",""
"306EFeb1808","3",""
"306EFeb1808","4",""
"306EFeb1808","5",""
"306EFeb1808","6",""
"306EFeb1808","7",""
"306EFeb1808","8",""
"306EFeb1808","9",""
"306EFeb1808","10",""
"306EFeb1808","11",""
"306EFeb1808","12",""
"306EFeb1808","13",""
"306EFeb1808","14",""
"306EFeb1808","15",""
"306EFeb1808","16",""
"306EJan1808","1",""
"306EJan1808","2",""
"306EJan1808","3",""
"306EJan1808","4",""
"306EJan1808","5",""
"306EJan1808","6",""
"306EJan1808","7",""
"306EJan1808","8",""
"306EJan1808","9",""
"306EJan1808","10",""
"306EJan1808","11",""
"306EJan1808","12",""
"306EJan1808","13",""
"306EJan1808","14",""
"306EJan1808","15",""
"306EJan1808","16",""
"306EJan1809","1",""
"306EJan1809","2",""
"306EJan1809","3",""
"306EJan1809","4",""
"306EJan1809","5",""
"306EJan1809","6",""
"306EJan1809","7",""
"306EJan1809","8",""
"306EJan1809","9",""
"306EJan1809","10",""
"306EJan1809","11",""
"306EJan1809","12",""
"306EJan1809","13",""
"306EJan1809","14",""
"306EJan1809","15",""
"306EJan1809","16",""
"306EJul1808","1",""
"306EJul1808","2",""
"306EJul1808","3",""
"306EJul1808","4",""
"306EJul1808","5",""
"306EJul1808","6",""
"306EJul1808","7",""
"306EJul1808","8",""
"306EJul1808","9",""
"306EJul1808","10",""
"306EJul1808","11",""
"306EJul1808","12",""
"306EJul1808","13",""
"306EJul1808","14",""
"306EJul1808","15",""
"306EJul1808","16",""
"306EJun1808","1",""
"306EJun1808","2",""
"306EJun1808","3",""
"306EJun1808","4",""
"306EJun1808","5",""
"306EJun1808","6",""
"306EJun1808","7",""
"306EJun1808","8",""
"306EJun1808","9",""
"306EJun1808","10",""
"306EJun1808","11",""
"306EJun1808","12",""
"306EJun1808","13",""
"306EJun1808","14",""
"306EJun1808","15",""
"306EJun1808","16",""
"306EMar1808","1",""
"306EMar1808","2",""
"306EMar1808","3",""
"306EMar1808","4",""
"306EMar1808","5",""
"306EMar1808","6",""
"306EMar1808","7",""
"306EMar1808","8",""
"306EMar1808","9",""
"306EMar1808","10",""
"306EMar1808","11",""
"306EMar1808","12",""
"306EMar1808","13",""
"306EMar1808","14",""
"306EMar1808","15",""
"306EMar1808","16",""
"306EOct1808","1",""
"306EOct1808","2",""
"306EOct1808","3",""
"306EOct1808","4",""
"306EOct1808","5",""
"306EOct1808","6",""
"306EOct1808","7",""
"306EOct1808","8",""
"306EOct1808","9",""
"306EOct1808","10",""
"306EOct1808","11",""
"306EOct1808","12",""
"306EOct1808","13",""
"306EOct1808","14",""
"306EOct1808","15",""
"306EOct1808","16",""
"307EApr1808","1",""
"307EApr1808","2",""
"307EApr1808","3",""
"307EApr1808","4",""
"307EApr1808","5",""
"307EApr1808","6",""
"307EApr1808","7",""
"307EApr1808","8",""
"307EApr1808","9",""
"307EApr1808","10",""
"307EApr1808","11",""
"307EApr1808","12",""
"307EApr1808","13",""
"307EApr1808","14",""
"307EApr1808","15",""
"307EApr1808","16",""
"307EAug1808","1",""
"307EAug1808","2",""
"307EAug1808","3",""
"307EAug1808","4",""
"307EAug1808","5",""
"307EAug1808","6",""
"307EAug1808","7",""
"307EAug1808","8",""
"307EAug1808","9",""
"307EAug1808","10",""
"307EAug1808","11",""
"307EAug1808","12",""
"307EAug1808","13",""
"307EAug1808","14",""
"307EAug1808","15",""
"307EAug1808","16",""
"307EJan1808","1",""
"307EJan1808","2",""
"307EJan1808","3",""
"307EJan1808","4",""
"307EJan1808","5",""
"307EJan1808","6",""
"307EJan1808","7",""
"307EJan1808","8",""
"307EJan1808","9",""
"307EJan1808","10",""
"307EJan1808","11",""
"307EJan1808","12",""
"307EJan1808","13",""
"307EJan1808","14",""
"307EJan1808","15",""
"307EJan1808","16",""
"307EJul1808","1",""
"307EJul1808","2",""
"307EJul1808","3",""
"307EJul1808","4",""
"307EJul1808","5",""
"307EJul1808","6",""
"307EJul1808","7",""
"307EJul1808","8",""
"307EJul1808","9",""
"307EJul1808","10",""
"307EJul1808","11",""
"307EJul1808","12",""
"307EJul1808","13",""
"307EJul1808","14",""
"307EJul1808","15",""
"307EJul1808","16",""
"307EJun1808","1",""
"307EJun1808","2",""
"307EJun1808","3",""
"307EJun1808","4",""
"307EJun1808","5",""
"307EJun1808","6",""
"307EJun1808","7",""
"307EJun1808","8",""
"307EJun1808","9",""
"307EJun1808","10",""
"307EJun1808","11",""
"307EJun1808","12",""
"307EJun1808","13",""
"307EJun1808","14",""
"307EJun1808","15",""
"307EJun1808","16",""
"307EMar1808","1",""
"307EMar1808","2",""
"307EMar1808","3",""
"307EMar1808","4",""
"307EMar1808","5",""
"307EMar1808","6",""
"307EMar1808","7",""
"307EMar1808","8",""
"307EMar1808","9",""
"307EMar1808","10",""
"307EMar1808","11",""
"307EMar1808","12",""
"307EMar1808","13",""
"307EMar1808","14",""
"307EMar1808","15",""
"307EMar1808","16",""
"307EMay1808","1",""
"307EMay1808","2",""
"307EMay1808","3",""
"307EMay1808","4",""
"307EMay1808","5",""
"307EMay1808","6",""
"307EMay1808","7",""
"307EMay1808","8",""
"307EMay1808","9",""
"307EMay1808","10",""
"307EMay1808","11",""
"307EMay1808","12",""
"307EMay1808","13",""
"307EMay1808","14",""
"307EMay1808","15",""
"307EMay1808","16",""
"307EOct1808","1",""
"307EOct1808","2",""
"307EOct1808","3",""
"307EOct1808","4",""
"307EOct1808","5",""
"307EOct1808","6",""
"307EOct1808","7",""
"307EOct1808","8",""
"307EOct1808","9",""
"307EOct1808","10",""
"307EOct1808","11",""
"307EOct1808","12",""
"307EOct1808","13",""
"307EOct1808","14",""
"307EOct1808","15",""
"307EOct1808","16",""
"307ESep1808","1",""
"307ESep1808","2",""
"307ESep1808","3",""
"307ESep1808","4",""
"307ESep1808","5",""
"307ESep1808","6",""
"307ESep1808","7",""
"307ESep1808","8",""
"307ESep1808","9",""
"307ESep1808","10",""
"307ESep1808","11",""
"307ESep1808","12",""
"307ESep1808","13",""
"307ESep1808","14",""
"307ESep1808","15",""
"307ESep1808","16",""
"348BAug1809","1",""
"348BAug1809","2",""
"348BAug1809","3",""
"348BAug1809","4",""
"348BAug1809","5",""
"348BAug1809","6",""
"348BAug1809","7",""
"348BAug1809","8",""
"348BAug1809","9",""
"348BAug1809","10",""
"348BAug1809","11",""
"348BAug1809","12",""
"348BAug1809","13",""
"348BAug1809","14",""
"348BAug1809","15",""
"348BAug1809","16",""
"348BSep1809","1",""
"348BSep1809","2",""
"348BSep1809","3",""
"348BSep1809","4",""
"348BSep1809","5",""
"348BSep1809","6",""
"348BSep1809","7",""
"348BSep1809","8",""
"348BSep1809","9",""
"348BSep1809","10",""
"348BSep1809","11",""
"348BSep1809","12",""
"348BSep1809","13",""
"348BSep1809","14",""
"348BSep1809","15",""
"348BSep1809","16",""
"348EAug1809","1",""
"348EAug1809","2",""
"348EAug1809","3",""
"348EAug1809","4",""
"348EAug1809","5",""
"348EAug1809","6",""
"348EAug1809","7",""
"348EAug1809","8",""
"348EAug1809","9",""
"348EAug1809","10",""
"348EAug1809","11",""
"348EAug1809","12",""
"348EAug1809","13",""
"348EAug1809","14",""
"348EAug1809","15",""
"348EAug1809","16",""
"348ESep1809","1",""
"348ESep1809","2",""
"348ESep1809","3",""
"348ESep1809","4",""
"348ESep1809","5",""
"348ESep1809","6",""
"348ESep1809","7",""
"348ESep1809","8",""
"348ESep1809","9",""
"348ESep1809","10",""
"348ESep1809","11",""
"348ESep1809","12",""
"348ESep1809","13",""
"348ESep1809","14",""
"348ESep1809","15",""
"348ESep1809","16",""
"undefined","1",""
"undefined","2",""
"undefined","3",""
"undefined","4",""
"undefined","5",""
"undefined","6",""
"undefined","7",""
"undefined","8",""
"undefined","9",""
"undefined","10",""
"undefined","11",""
"undefined","12",""
"undefined","13",""
"undefined","14",""
"undefined","15",""
"undefined","16",""
